eventi,data,vizita,tipi
2008_Kosovo_declaration_of_independence,2015-07-01,10003.0,Historik
2008_Kosovo_declaration_of_independence,2015-08-01,9752.0,Historik
2008_Kosovo_declaration_of_independence,2015-09-01,13309.0,Historik
2008_Kosovo_declaration_of_independence,2015-10-01,12529.0,Historik
2008_Kosovo_declaration_of_independence,2015-11-01,11055.0,Historik
2008_Kosovo_declaration_of_independence,2015-12-01,5645.0,Historik
2008_Kosovo_declaration_of_independence,2016-01-01,9399.0,Historik
2008_Kosovo_declaration_of_independence,2016-02-01,12648.0,Historik
2008_Kosovo_declaration_of_independence,2016-03-01,9783.0,Historik
2008_Kosovo_declaration_of_independence,2016-04-01,8954.0,Historik
2008_Kosovo_declaration_of_independence,2016-05-01,10498.0,Historik
2008_Kosovo_declaration_of_independence,2016-06-01,13610.0,Historik
2008_Kosovo_declaration_of_independence,2016-07-01,8387.0,Historik
2008_Kosovo_declaration_of_independence,2016-08-01,10467.0,Historik
2008_Kosovo_declaration_of_independence,2016-09-01,9279.0,Historik
2008_Kosovo_declaration_of_independence,2016-10-01,7505.0,Historik
2008_Kosovo_declaration_of_independence,2016-11-01,6590.0,Historik
2008_Kosovo_declaration_of_independence,2016-12-01,6517.0,Historik
2008_Kosovo_declaration_of_independence,2017-01-01,7585.0,Historik
2008_Kosovo_declaration_of_independence,2017-02-01,10618.0,Historik
2008_Kosovo_declaration_of_independence,2017-03-01,7285.0,Historik
2008_Kosovo_declaration_of_independence,2017-04-01,6091.0,Historik
2008_Kosovo_declaration_of_independence,2017-05-01,6224.0,Historik
2008_Kosovo_declaration_of_independence,2017-06-01,5921.0,Historik
2008_Kosovo_declaration_of_independence,2017-07-01,5933.0,Historik
2008_Kosovo_declaration_of_independence,2017-08-01,8133.0,Historik
2008_Kosovo_declaration_of_independence,2017-09-01,6831.0,Historik
2008_Kosovo_declaration_of_independence,2017-10-01,15284.0,Historik
2008_Kosovo_declaration_of_independence,2017-11-01,8298.0,Historik
2008_Kosovo_declaration_of_independence,2017-12-01,6517.0,Historik
2008_Kosovo_declaration_of_independence,2018-01-01,7002.0,Historik
2008_Kosovo_declaration_of_independence,2018-02-01,11891.0,Historik
2008_Kosovo_declaration_of_independence,2018-03-01,8351.0,Historik
2008_Kosovo_declaration_of_independence,2018-04-01,6708.0,Historik
2008_Kosovo_declaration_of_independence,2018-05-01,6392.0,Historik
2008_Kosovo_declaration_of_independence,2018-06-01,9097.0,Historik
2008_Kosovo_declaration_of_independence,2018-07-01,8297.0,Historik
2008_Kosovo_declaration_of_independence,2018-08-01,6169.0,Historik
2008_Kosovo_declaration_of_independence,2018-09-01,5646.0,Historik
2008_Kosovo_declaration_of_independence,2018-10-01,6083.0,Historik
2008_Kosovo_declaration_of_independence,2018-11-01,6971.0,Historik
2008_Kosovo_declaration_of_independence,2018-12-01,7519.0,Historik
2008_Kosovo_declaration_of_independence,2019-01-01,6850.0,Historik
2008_Kosovo_declaration_of_independence,2019-02-01,9120.0,Historik
2008_Kosovo_declaration_of_independence,2019-03-01,6542.0,Historik
2008_Kosovo_declaration_of_independence,2019-04-01,5872.0,Historik
2008_Kosovo_declaration_of_independence,2019-05-01,6010.0,Historik
2008_Kosovo_declaration_of_independence,2019-06-01,5587.0,Historik
2008_Kosovo_declaration_of_independence,2019-07-01,5680.0,Historik
2008_Kosovo_declaration_of_independence,2019-08-01,5813.0,Historik
2008_Kosovo_declaration_of_independence,2019-09-01,8523.0,Historik
2008_Kosovo_declaration_of_independence,2019-10-01,9560.0,Historik
2008_Kosovo_declaration_of_independence,2019-11-01,8169.0,Historik
2008_Kosovo_declaration_of_independence,2019-12-01,5990.0,Historik
2008_Kosovo_declaration_of_independence,2020-01-01,6225.0,Historik
2008_Kosovo_declaration_of_independence,2020-02-01,9195.0,Historik
2008_Kosovo_declaration_of_independence,2020-03-01,6420.0,Historik
2008_Kosovo_declaration_of_independence,2020-04-01,7693.0,Historik
2008_Kosovo_declaration_of_independence,2020-05-01,7122.0,Historik
2008_Kosovo_declaration_of_independence,2020-06-01,7058.0,Historik
2008_Kosovo_declaration_of_independence,2020-07-01,7445.0,Historik
2008_Kosovo_declaration_of_independence,2020-08-01,5736.0,Historik
2008_Kosovo_declaration_of_independence,2020-09-01,7297.0,Historik
2008_Kosovo_declaration_of_independence,2020-10-01,6493.0,Historik
2008_Kosovo_declaration_of_independence,2020-11-01,6987.0,Historik
2008_Kosovo_declaration_of_independence,2020-12-01,6282.0,Historik
2008_Kosovo_declaration_of_independence,2021-01-01,7200.0,Historik
2008_Kosovo_declaration_of_independence,2021-02-01,10357.0,Historik
2008_Kosovo_declaration_of_independence,2021-03-01,10538.0,Historik
2008_Kosovo_declaration_of_independence,2021-04-01,9432.0,Historik
2008_Kosovo_declaration_of_independence,2021-05-01,8691.0,Historik
2008_Kosovo_declaration_of_independence,2021-06-01,8427.0,Historik
2008_Kosovo_declaration_of_independence,2021-07-01,8199.0,Historik
2008_Kosovo_declaration_of_independence,2021-08-01,7808.0,Historik
2008_Kosovo_declaration_of_independence,2021-09-01,8303.0,Historik
2008_Kosovo_declaration_of_independence,2021-10-01,7431.0,Historik
2008_Kosovo_declaration_of_independence,2021-11-01,7389.0,Historik
2008_Kosovo_declaration_of_independence,2021-12-01,6865.0,Historik
2008_Kosovo_declaration_of_independence,2022-01-01,8773.0,Historik
2008_Kosovo_declaration_of_independence,2022-02-01,18175.0,Historik
2008_Kosovo_declaration_of_independence,2022-03-01,16975.0,Historik
2008_Kosovo_declaration_of_independence,2022-04-01,13462.0,Historik
2008_Kosovo_declaration_of_independence,2022-05-01,10794.0,Historik
2008_Kosovo_declaration_of_independence,2022-06-01,9383.0,Historik
2008_Kosovo_declaration_of_independence,2022-07-01,9761.0,Historik
2008_Kosovo_declaration_of_independence,2022-08-01,13043.0,Historik
2008_Kosovo_declaration_of_independence,2022-09-01,11842.0,Historik
2008_Kosovo_declaration_of_independence,2022-10-01,10579.0,Historik
2008_Kosovo_declaration_of_independence,2022-11-01,11878.0,Historik
2008_Kosovo_declaration_of_independence,2022-12-01,16384.0,Historik
2008_Kosovo_declaration_of_independence,2023-01-01,10021.0,Historik
2008_Kosovo_declaration_of_independence,2023-02-01,11196.0,Historik
2008_Kosovo_declaration_of_independence,2023-03-01,10958.0,Historik
2008_Kosovo_declaration_of_independence,2023-04-01,9196.0,Historik
2008_Kosovo_declaration_of_independence,2023-05-01,12909.0,Historik
2008_Kosovo_declaration_of_independence,2023-06-01,10940.0,Historik
2008_Kosovo_declaration_of_independence,2023-07-01,8454.0,Historik
2008_Kosovo_declaration_of_independence,2023-08-01,7664.0,Historik
2008_Kosovo_declaration_of_independence,2023-09-01,10553.0,Historik
2008_Kosovo_declaration_of_independence,2023-10-01,9419.0,Historik
2008_Kosovo_declaration_of_independence,2023-11-01,8514.0,Historik
2008_Kosovo_declaration_of_independence,2023-12-01,7929.0,Historik
2008_Kosovo_declaration_of_independence,2024-01-01,9217.0,Historik
2008_Kosovo_declaration_of_independence,2024-02-01,12319.0,Historik
2008_Kosovo_declaration_of_independence,2024-03-01,9495.0,Historik
2008_Kosovo_declaration_of_independence,2024-04-01,8174.0,Historik
2008_Kosovo_declaration_of_independence,2024-05-01,9738.0,Historik
2008_Kosovo_declaration_of_independence,2024-06-01,11330.0,Historik
2008_Kosovo_declaration_of_independence,2024-07-01,9211.0,Historik
2008_Kosovo_declaration_of_independence,2024-08-01,8111.0,Historik
2008_Kosovo_declaration_of_independence,2024-09-01,7476.0,Historik
2008_Kosovo_declaration_of_independence,2024-10-01,7468.0,Historik
2008_Kosovo_declaration_of_independence,2024-11-01,9096.0,Historik
2008_Kosovo_declaration_of_independence,2024-12-01,8681.0,Historik
2008_Kosovo_declaration_of_independence,2025-01-01,7852.0,Historik
2008_Kosovo_declaration_of_independence,2025-02-01,11336.0,Historik
2008_Kosovo_declaration_of_independence,2025-03-01,9086.0,Historik
2008_Kosovo_declaration_of_independence,2025-04-01,7988.0,Historik
2008_Kosovo_declaration_of_independence,2025-05-01,8871.0,Historik
2008_Kosovo_declaration_of_independence,2025-06-01,7823.0,Historik
2008_Kosovo_declaration_of_independence,2025-07-01,6927.0,Historik
2008_Kosovo_declaration_of_independence,2025-08-01,10619.0,Historik
2008_Kosovo_declaration_of_independence,2025-09-01,10484.0,Historik
2008_Kosovo_declaration_of_independence,2025-10-01,8410.0,Historik
2008_Kosovo_declaration_of_independence,2025-11-01,7862.0,Historik
2008_Kosovo_declaration_of_independence,2025-12-01,7690.0,Historik
2008_Kosovo_declaration_of_independence,2026-01-01,8315.025976684828,Parashikim 2026
2008_Kosovo_declaration_of_independence,2026-02-01,8564.678079424742,Parashikim 2026
2008_Kosovo_declaration_of_independence,2026-03-01,8664.395810730954,Parashikim 2026
2008_Kosovo_declaration_of_independence,2026-04-01,8704.225741373344,Parashikim 2026
2008_Kosovo_declaration_of_independence,2026-05-01,8720.134881645561,Parashikim 2026
2008_Kosovo_declaration_of_independence,2026-06-01,8726.489418048686,Parashikim 2026
2008_Kosovo_declaration_of_independence,2026-07-01,8729.027589955384,Parashikim 2026
2008_Kosovo_declaration_of_independence,2026-08-01,8730.041403744346,Parashikim 2026
2008_Kosovo_declaration_of_independence,2026-09-01,8730.446348104488,Parashikim 2026
2008_Kosovo_declaration_of_independence,2026-10-01,8730.608093719507,Parashikim 2026
2008_Kosovo_declaration_of_independence,2026-11-01,8730.672699246965,Parashikim 2026
2008_Kosovo_declaration_of_independence,2026-12-01,8730.698504423677,Parashikim 2026
Arthur_Rimbaud,2015-07-01,27111.0,Historik
Arthur_Rimbaud,2015-08-01,29064.0,Historik
Arthur_Rimbaud,2015-09-01,28073.0,Historik
Arthur_Rimbaud,2015-10-01,34961.0,Historik
Arthur_Rimbaud,2015-11-01,31675.0,Historik
Arthur_Rimbaud,2015-12-01,29366.0,Historik
Arthur_Rimbaud,2016-01-01,34653.0,Historik
Arthur_Rimbaud,2016-02-01,34152.0,Historik
Arthur_Rimbaud,2016-03-01,34342.0,Historik
Arthur_Rimbaud,2016-04-01,31875.0,Historik
Arthur_Rimbaud,2016-05-01,28330.0,Historik
Arthur_Rimbaud,2016-06-01,26060.0,Historik
Arthur_Rimbaud,2016-07-01,24221.0,Historik
Arthur_Rimbaud,2016-08-01,24644.0,Historik
Arthur_Rimbaud,2016-09-01,26509.0,Historik
Arthur_Rimbaud,2016-10-01,38040.0,Historik
Arthur_Rimbaud,2016-11-01,33300.0,Historik
Arthur_Rimbaud,2016-12-01,35976.0,Historik
Arthur_Rimbaud,2017-01-01,31168.0,Historik
Arthur_Rimbaud,2017-02-01,28572.0,Historik
Arthur_Rimbaud,2017-03-01,31260.0,Historik
Arthur_Rimbaud,2017-04-01,27857.0,Historik
Arthur_Rimbaud,2017-05-01,26686.0,Historik
Arthur_Rimbaud,2017-06-01,24337.0,Historik
Arthur_Rimbaud,2017-07-01,23643.0,Historik
Arthur_Rimbaud,2017-08-01,24619.0,Historik
Arthur_Rimbaud,2017-09-01,27906.0,Historik
Arthur_Rimbaud,2017-10-01,36114.0,Historik
Arthur_Rimbaud,2017-11-01,27794.0,Historik
Arthur_Rimbaud,2017-12-01,24368.0,Historik
Arthur_Rimbaud,2018-01-01,27778.0,Historik
Arthur_Rimbaud,2018-02-01,25997.0,Historik
Arthur_Rimbaud,2018-03-01,29140.0,Historik
Arthur_Rimbaud,2018-04-01,28514.0,Historik
Arthur_Rimbaud,2018-05-01,26913.0,Historik
Arthur_Rimbaud,2018-06-01,23861.0,Historik
Arthur_Rimbaud,2018-07-01,25883.0,Historik
Arthur_Rimbaud,2018-08-01,25459.0,Historik
Arthur_Rimbaud,2018-09-01,24768.0,Historik
Arthur_Rimbaud,2018-10-01,29924.0,Historik
Arthur_Rimbaud,2018-11-01,29329.0,Historik
Arthur_Rimbaud,2018-12-01,27646.0,Historik
Arthur_Rimbaud,2019-01-01,29250.0,Historik
Arthur_Rimbaud,2019-02-01,26287.0,Historik
Arthur_Rimbaud,2019-03-01,27233.0,Historik
Arthur_Rimbaud,2019-04-01,28928.0,Historik
Arthur_Rimbaud,2019-05-01,27768.0,Historik
Arthur_Rimbaud,2019-06-01,26362.0,Historik
Arthur_Rimbaud,2019-07-01,24853.0,Historik
Arthur_Rimbaud,2019-08-01,26279.0,Historik
Arthur_Rimbaud,2019-09-01,28727.0,Historik
Arthur_Rimbaud,2019-10-01,30414.0,Historik
Arthur_Rimbaud,2019-11-01,29340.0,Historik
Arthur_Rimbaud,2019-12-01,26058.0,Historik
Arthur_Rimbaud,2020-01-01,28849.0,Historik
Arthur_Rimbaud,2020-02-01,30960.0,Historik
Arthur_Rimbaud,2020-03-01,29881.0,Historik
Arthur_Rimbaud,2020-04-01,35784.0,Historik
Arthur_Rimbaud,2020-05-01,34476.0,Historik
Arthur_Rimbaud,2020-06-01,29909.0,Historik
Arthur_Rimbaud,2020-07-01,28836.0,Historik
Arthur_Rimbaud,2020-08-01,28312.0,Historik
Arthur_Rimbaud,2020-09-01,35511.0,Historik
Arthur_Rimbaud,2020-10-01,37104.0,Historik
Arthur_Rimbaud,2020-11-01,31914.0,Historik
Arthur_Rimbaud,2020-12-01,29141.0,Historik
Arthur_Rimbaud,2021-01-01,34824.0,Historik
Arthur_Rimbaud,2021-02-01,31254.0,Historik
Arthur_Rimbaud,2021-03-01,36309.0,Historik
Arthur_Rimbaud,2021-04-01,30580.0,Historik
Arthur_Rimbaud,2021-05-01,31067.0,Historik
Arthur_Rimbaud,2021-06-01,27121.0,Historik
Arthur_Rimbaud,2021-07-01,26819.0,Historik
Arthur_Rimbaud,2021-08-01,27922.0,Historik
Arthur_Rimbaud,2021-09-01,28513.0,Historik
Arthur_Rimbaud,2021-10-01,34292.0,Historik
Arthur_Rimbaud,2021-11-01,30558.0,Historik
Arthur_Rimbaud,2021-12-01,27915.0,Historik
Arthur_Rimbaud,2022-01-01,29178.0,Historik
Arthur_Rimbaud,2022-02-01,28089.0,Historik
Arthur_Rimbaud,2022-03-01,28605.0,Historik
Arthur_Rimbaud,2022-04-01,26776.0,Historik
Arthur_Rimbaud,2022-05-01,26136.0,Historik
Arthur_Rimbaud,2022-06-01,25310.0,Historik
Arthur_Rimbaud,2022-07-01,30766.0,Historik
Arthur_Rimbaud,2022-08-01,40869.0,Historik
Arthur_Rimbaud,2022-09-01,29674.0,Historik
Arthur_Rimbaud,2022-10-01,35188.0,Historik
Arthur_Rimbaud,2022-11-01,31648.0,Historik
Arthur_Rimbaud,2022-12-01,26988.0,Historik
Arthur_Rimbaud,2023-01-01,32501.0,Historik
Arthur_Rimbaud,2023-02-01,28649.0,Historik
Arthur_Rimbaud,2023-03-01,33765.0,Historik
Arthur_Rimbaud,2023-04-01,30013.0,Historik
Arthur_Rimbaud,2023-05-01,29198.0,Historik
Arthur_Rimbaud,2023-06-01,32463.0,Historik
Arthur_Rimbaud,2023-07-01,30655.0,Historik
Arthur_Rimbaud,2023-08-01,29422.0,Historik
Arthur_Rimbaud,2023-09-01,29546.0,Historik
Arthur_Rimbaud,2023-10-01,35816.0,Historik
Arthur_Rimbaud,2023-11-01,32979.0,Historik
Arthur_Rimbaud,2023-12-01,33389.0,Historik
Arthur_Rimbaud,2024-01-01,35518.0,Historik
Arthur_Rimbaud,2024-02-01,30699.0,Historik
Arthur_Rimbaud,2024-03-01,32462.0,Historik
Arthur_Rimbaud,2024-04-01,31868.0,Historik
Arthur_Rimbaud,2024-05-01,30629.0,Historik
Arthur_Rimbaud,2024-06-01,29196.0,Historik
Arthur_Rimbaud,2024-07-01,26346.0,Historik
Arthur_Rimbaud,2024-08-01,26181.0,Historik
Arthur_Rimbaud,2024-09-01,28112.0,Historik
Arthur_Rimbaud,2024-10-01,34597.0,Historik
Arthur_Rimbaud,2024-11-01,29330.0,Historik
Arthur_Rimbaud,2024-12-01,32402.0,Historik
Arthur_Rimbaud,2025-01-01,34532.0,Historik
Arthur_Rimbaud,2025-02-01,30194.0,Historik
Arthur_Rimbaud,2025-03-01,32160.0,Historik
Arthur_Rimbaud,2025-04-01,31966.0,Historik
Arthur_Rimbaud,2025-05-01,30825.0,Historik
Arthur_Rimbaud,2025-06-01,29195.0,Historik
Arthur_Rimbaud,2025-07-01,27577.0,Historik
Arthur_Rimbaud,2025-08-01,29222.0,Historik
Arthur_Rimbaud,2025-09-01,33088.0,Historik
Arthur_Rimbaud,2025-10-01,34655.0,Historik
Arthur_Rimbaud,2025-11-01,34582.0,Historik
Arthur_Rimbaud,2025-12-01,28994.0,Historik
Arthur_Rimbaud,2026-01-01,29729.578868054487,Parashikim 2026
Arthur_Rimbaud,2026-02-01,30153.4847072758,Parashikim 2026
Arthur_Rimbaud,2026-03-01,30397.776880868547,Parashikim 2026
Arthur_Rimbaud,2026-04-01,30538.559716481985,Parashikim 2026
Arthur_Rimbaud,2026-05-01,30619.691283293458,Parashikim 2026
Arthur_Rimbaud,2026-06-01,30666.4464939312,Parashikim 2026
Arthur_Rimbaud,2026-07-01,30693.39099664072,Parashikim 2026
Arthur_Rimbaud,2026-08-01,30708.9188108963,Parashikim 2026
Arthur_Rimbaud,2026-09-01,30717.867315834585,Parashikim 2026
Arthur_Rimbaud,2026-10-01,30723.024238715843,Parashikim 2026
Arthur_Rimbaud,2026-11-01,30725.996115446833,Parashikim 2026
Arthur_Rimbaud,2026-12-01,30727.708774625098,Parashikim 2026
Berlin_Wall,2015-07-01,172970.0,Historik
Berlin_Wall,2015-08-01,176748.0,Historik
Berlin_Wall,2015-09-01,182577.0,Historik
Berlin_Wall,2015-10-01,233075.0,Historik
Berlin_Wall,2015-11-01,264387.0,Historik
Berlin_Wall,2015-12-01,234620.0,Historik
Berlin_Wall,2016-01-01,283865.0,Historik
Berlin_Wall,2016-02-01,325481.0,Historik
Berlin_Wall,2016-03-01,309976.0,Historik
Berlin_Wall,2016-04-01,291970.0,Historik
Berlin_Wall,2016-05-01,304578.0,Historik
Berlin_Wall,2016-06-01,213385.0,Historik
Berlin_Wall,2016-07-01,193571.0,Historik
Berlin_Wall,2016-08-01,200230.0,Historik
Berlin_Wall,2016-09-01,200000.0,Historik
Berlin_Wall,2016-10-01,248979.0,Historik
Berlin_Wall,2016-11-01,315278.0,Historik
Berlin_Wall,2016-12-01,215530.0,Historik
Berlin_Wall,2017-01-01,323420.0,Historik
Berlin_Wall,2017-02-01,234326.0,Historik
Berlin_Wall,2017-03-01,231358.0,Historik
Berlin_Wall,2017-04-01,215447.0,Historik
Berlin_Wall,2017-05-01,233700.0,Historik
Berlin_Wall,2017-06-01,172486.0,Historik
Berlin_Wall,2017-07-01,167623.0,Historik
Berlin_Wall,2017-08-01,205268.0,Historik
Berlin_Wall,2017-09-01,171113.0,Historik
Berlin_Wall,2017-10-01,191641.0,Historik
Berlin_Wall,2017-11-01,232379.0,Historik
Berlin_Wall,2017-12-01,195880.0,Historik
Berlin_Wall,2018-01-01,196092.0,Historik
Berlin_Wall,2018-02-01,318132.0,Historik
Berlin_Wall,2018-03-01,210948.0,Historik
Berlin_Wall,2018-04-01,232087.0,Historik
Berlin_Wall,2018-05-01,222076.0,Historik
Berlin_Wall,2018-06-01,190212.0,Historik
Berlin_Wall,2018-07-01,181529.0,Historik
Berlin_Wall,2018-08-01,180770.0,Historik
Berlin_Wall,2018-09-01,157253.0,Historik
Berlin_Wall,2018-10-01,185108.0,Historik
Berlin_Wall,2018-11-01,209836.0,Historik
Berlin_Wall,2018-12-01,230243.0,Historik
Berlin_Wall,2019-01-01,252693.0,Historik
Berlin_Wall,2019-02-01,195184.0,Historik
Berlin_Wall,2019-03-01,184667.0,Historik
Berlin_Wall,2019-04-01,184127.0,Historik
Berlin_Wall,2019-05-01,215572.0,Historik
Berlin_Wall,2019-06-01,162281.0,Historik
Berlin_Wall,2019-07-01,158840.0,Historik
Berlin_Wall,2019-08-01,167966.0,Historik
Berlin_Wall,2019-09-01,158426.0,Historik
Berlin_Wall,2019-10-01,197240.0,Historik
Berlin_Wall,2019-11-01,927861.0,Historik
Berlin_Wall,2019-12-01,157708.0,Historik
Berlin_Wall,2020-01-01,149616.0,Historik
Berlin_Wall,2020-02-01,135447.0,Historik
Berlin_Wall,2020-03-01,130673.0,Historik
Berlin_Wall,2020-04-01,180126.0,Historik
Berlin_Wall,2020-05-01,294018.0,Historik
Berlin_Wall,2020-06-01,138755.0,Historik
Berlin_Wall,2020-07-01,113621.0,Historik
Berlin_Wall,2020-08-01,117630.0,Historik
Berlin_Wall,2020-09-01,109517.0,Historik
Berlin_Wall,2020-10-01,129777.0,Historik
Berlin_Wall,2020-11-01,149252.0,Historik
Berlin_Wall,2020-12-01,112971.0,Historik
Berlin_Wall,2021-01-01,116989.0,Historik
Berlin_Wall,2021-02-01,108341.0,Historik
Berlin_Wall,2021-03-01,128284.0,Historik
Berlin_Wall,2021-04-01,119727.0,Historik
Berlin_Wall,2021-05-01,125243.0,Historik
Berlin_Wall,2021-06-01,104716.0,Historik
Berlin_Wall,2021-07-01,101542.0,Historik
Berlin_Wall,2021-08-01,136293.0,Historik
Berlin_Wall,2021-09-01,105737.0,Historik
Berlin_Wall,2021-10-01,101140.0,Historik
Berlin_Wall,2021-11-01,107495.0,Historik
Berlin_Wall,2021-12-01,96652.0,Historik
Berlin_Wall,2022-01-01,110719.0,Historik
Berlin_Wall,2022-02-01,165130.0,Historik
Berlin_Wall,2022-03-01,205239.0,Historik
Berlin_Wall,2022-04-01,132228.0,Historik
Berlin_Wall,2022-05-01,128383.0,Historik
Berlin_Wall,2022-06-01,105159.0,Historik
Berlin_Wall,2022-07-01,106325.0,Historik
Berlin_Wall,2022-08-01,132557.0,Historik
Berlin_Wall,2022-09-01,137408.0,Historik
Berlin_Wall,2022-10-01,134493.0,Historik
Berlin_Wall,2022-11-01,141267.0,Historik
Berlin_Wall,2022-12-01,123544.0,Historik
Berlin_Wall,2023-01-01,131012.0,Historik
Berlin_Wall,2023-02-01,123994.0,Historik
Berlin_Wall,2023-03-01,150299.0,Historik
Berlin_Wall,2023-04-01,138237.0,Historik
Berlin_Wall,2023-05-01,154246.0,Historik
Berlin_Wall,2023-06-01,141265.0,Historik
Berlin_Wall,2023-07-01,146186.0,Historik
Berlin_Wall,2023-08-01,137862.0,Historik
Berlin_Wall,2023-09-01,132313.0,Historik
Berlin_Wall,2023-10-01,134168.0,Historik
Berlin_Wall,2023-11-01,136112.0,Historik
Berlin_Wall,2023-12-01,129911.0,Historik
Berlin_Wall,2024-01-01,149013.0,Historik
Berlin_Wall,2024-02-01,124249.0,Historik
Berlin_Wall,2024-03-01,154157.0,Historik
Berlin_Wall,2024-04-01,171390.0,Historik
Berlin_Wall,2024-05-01,147120.0,Historik
Berlin_Wall,2024-06-01,132473.0,Historik
Berlin_Wall,2024-07-01,122672.0,Historik
Berlin_Wall,2024-08-01,131936.0,Historik
Berlin_Wall,2024-09-01,118130.0,Historik
Berlin_Wall,2024-10-01,116534.0,Historik
Berlin_Wall,2024-11-01,138495.0,Historik
Berlin_Wall,2024-12-01,109820.0,Historik
Berlin_Wall,2025-01-01,111264.0,Historik
Berlin_Wall,2025-02-01,110217.0,Historik
Berlin_Wall,2025-03-01,118132.0,Historik
Berlin_Wall,2025-04-01,108495.0,Historik
Berlin_Wall,2025-05-01,111431.0,Historik
Berlin_Wall,2025-06-01,93109.0,Historik
Berlin_Wall,2025-07-01,77952.0,Historik
Berlin_Wall,2025-08-01,91669.0,Historik
Berlin_Wall,2025-09-01,95080.0,Historik
Berlin_Wall,2025-10-01,92539.0,Historik
Berlin_Wall,2025-11-01,103080.0,Historik
Berlin_Wall,2025-12-01,85003.0,Historik
Berlin_Wall,2026-01-01,104931.3203446856,Parashikim 2026
Berlin_Wall,2026-02-01,107254.33433301414,Parashikim 2026
Berlin_Wall,2026-03-01,107525.12453994741,Parashikim 2026
Berlin_Wall,2026-04-01,107556.6901424532,Parashikim 2026
Berlin_Wall,2026-05-01,107560.36969672082,Parashikim 2026
Berlin_Wall,2026-06-01,107560.79861676459,Parashikim 2026
Berlin_Wall,2026-07-01,107560.84861532164,Parashikim 2026
Berlin_Wall,2026-08-01,107560.85444357738,Parashikim 2026
Berlin_Wall,2026-09-01,107560.85512296829,Parashikim 2026
Berlin_Wall,2026-10-01,107560.85520216386,Parashikim 2026
Berlin_Wall,2026-11-01,107560.85521139557,Parashikim 2026
Berlin_Wall,2026-12-01,107560.8552124717,Parashikim 2026
Franz_Kafka,2015-07-01,104682.0,Historik
Franz_Kafka,2015-08-01,96979.0,Historik
Franz_Kafka,2015-09-01,102429.0,Historik
Franz_Kafka,2015-10-01,166154.0,Historik
Franz_Kafka,2015-11-01,104200.0,Historik
Franz_Kafka,2015-12-01,99582.0,Historik
Franz_Kafka,2016-01-01,105596.0,Historik
Franz_Kafka,2016-02-01,105333.0,Historik
Franz_Kafka,2016-03-01,110987.0,Historik
Franz_Kafka,2016-04-01,116881.0,Historik
Franz_Kafka,2016-05-01,134157.0,Historik
Franz_Kafka,2016-06-01,111288.0,Historik
Franz_Kafka,2016-07-01,171559.0,Historik
Franz_Kafka,2016-08-01,111489.0,Historik
Franz_Kafka,2016-09-01,102623.0,Historik
Franz_Kafka,2016-10-01,107298.0,Historik
Franz_Kafka,2016-11-01,110712.0,Historik
Franz_Kafka,2016-12-01,113964.0,Historik
Franz_Kafka,2017-01-01,143295.0,Historik
Franz_Kafka,2017-02-01,109130.0,Historik
Franz_Kafka,2017-03-01,116952.0,Historik
Franz_Kafka,2017-04-01,122899.0,Historik
Franz_Kafka,2017-05-01,111087.0,Historik
Franz_Kafka,2017-06-01,105336.0,Historik
Franz_Kafka,2017-07-01,107576.0,Historik
Franz_Kafka,2017-08-01,95130.0,Historik
Franz_Kafka,2017-09-01,101884.0,Historik
Franz_Kafka,2017-10-01,118562.0,Historik
Franz_Kafka,2017-11-01,103567.0,Historik
Franz_Kafka,2017-12-01,97742.0,Historik
Franz_Kafka,2018-01-01,106488.0,Historik
Franz_Kafka,2018-02-01,108981.0,Historik
Franz_Kafka,2018-03-01,115907.0,Historik
Franz_Kafka,2018-04-01,115558.0,Historik
Franz_Kafka,2018-05-01,111537.0,Historik
Franz_Kafka,2018-06-01,96293.0,Historik
Franz_Kafka,2018-07-01,112240.0,Historik
Franz_Kafka,2018-08-01,104826.0,Historik
Franz_Kafka,2018-09-01,100797.0,Historik
Franz_Kafka,2018-10-01,113017.0,Historik
Franz_Kafka,2018-11-01,101156.0,Historik
Franz_Kafka,2018-12-01,100841.0,Historik
Franz_Kafka,2019-01-01,108804.0,Historik
Franz_Kafka,2019-02-01,105756.0,Historik
Franz_Kafka,2019-03-01,109569.0,Historik
Franz_Kafka,2019-04-01,113011.0,Historik
Franz_Kafka,2019-05-01,106772.0,Historik
Franz_Kafka,2019-06-01,97264.0,Historik
Franz_Kafka,2019-07-01,217051.0,Historik
Franz_Kafka,2019-08-01,115993.0,Historik
Franz_Kafka,2019-09-01,112936.0,Historik
Franz_Kafka,2019-10-01,121366.0,Historik
Franz_Kafka,2019-11-01,112009.0,Historik
Franz_Kafka,2019-12-01,106155.0,Historik
Franz_Kafka,2020-01-01,128065.0,Historik
Franz_Kafka,2020-02-01,113253.0,Historik
Franz_Kafka,2020-03-01,120615.0,Historik
Franz_Kafka,2020-04-01,145596.0,Historik
Franz_Kafka,2020-05-01,124885.0,Historik
Franz_Kafka,2020-06-01,126850.0,Historik
Franz_Kafka,2020-07-01,133688.0,Historik
Franz_Kafka,2020-08-01,135643.0,Historik
Franz_Kafka,2020-09-01,123882.0,Historik
Franz_Kafka,2020-10-01,133415.0,Historik
Franz_Kafka,2020-11-01,118911.0,Historik
Franz_Kafka,2020-12-01,116353.0,Historik
Franz_Kafka,2021-01-01,125179.0,Historik
Franz_Kafka,2021-02-01,127919.0,Historik
Franz_Kafka,2021-03-01,147493.0,Historik
Franz_Kafka,2021-04-01,137168.0,Historik
Franz_Kafka,2021-05-01,122707.0,Historik
Franz_Kafka,2021-06-01,129917.0,Historik
Franz_Kafka,2021-07-01,149662.0,Historik
Franz_Kafka,2021-08-01,146381.0,Historik
Franz_Kafka,2021-09-01,138042.0,Historik
Franz_Kafka,2021-10-01,118171.0,Historik
Franz_Kafka,2021-11-01,114035.0,Historik
Franz_Kafka,2021-12-01,115720.0,Historik
Franz_Kafka,2022-01-01,149080.0,Historik
Franz_Kafka,2022-02-01,123679.0,Historik
Franz_Kafka,2022-03-01,123497.0,Historik
Franz_Kafka,2022-04-01,122708.0,Historik
Franz_Kafka,2022-05-01,116465.0,Historik
Franz_Kafka,2022-06-01,113007.0,Historik
Franz_Kafka,2022-07-01,128306.0,Historik
Franz_Kafka,2022-08-01,137096.0,Historik
Franz_Kafka,2022-09-01,141494.0,Historik
Franz_Kafka,2022-10-01,142439.0,Historik
Franz_Kafka,2022-11-01,265214.0,Historik
Franz_Kafka,2022-12-01,141408.0,Historik
Franz_Kafka,2023-01-01,159728.0,Historik
Franz_Kafka,2023-02-01,169552.0,Historik
Franz_Kafka,2023-03-01,171569.0,Historik
Franz_Kafka,2023-04-01,157835.0,Historik
Franz_Kafka,2023-05-01,249555.0,Historik
Franz_Kafka,2023-06-01,164692.0,Historik
Franz_Kafka,2023-07-01,218578.0,Historik
Franz_Kafka,2023-08-01,211836.0,Historik
Franz_Kafka,2023-09-01,184250.0,Historik
Franz_Kafka,2023-10-01,182447.0,Historik
Franz_Kafka,2023-11-01,170972.0,Historik
Franz_Kafka,2023-12-01,261038.0,Historik
Franz_Kafka,2024-01-01,317237.0,Historik
Franz_Kafka,2024-02-01,210279.0,Historik
Franz_Kafka,2024-03-01,225200.0,Historik
Franz_Kafka,2024-04-01,219563.0,Historik
Franz_Kafka,2024-05-01,205652.0,Historik
Franz_Kafka,2024-06-01,420278.0,Historik
Franz_Kafka,2024-07-01,236702.0,Historik
Franz_Kafka,2024-08-01,180170.0,Historik
Franz_Kafka,2024-09-01,173427.0,Historik
Franz_Kafka,2024-10-01,199456.0,Historik
Franz_Kafka,2024-11-01,196577.0,Historik
Franz_Kafka,2024-12-01,184735.0,Historik
Franz_Kafka,2025-01-01,178182.0,Historik
Franz_Kafka,2025-02-01,158089.0,Historik
Franz_Kafka,2025-03-01,167803.0,Historik
Franz_Kafka,2025-04-01,178089.0,Historik
Franz_Kafka,2025-05-01,167597.0,Historik
Franz_Kafka,2025-06-01,166165.0,Historik
Franz_Kafka,2025-07-01,151865.0,Historik
Franz_Kafka,2025-08-01,151370.0,Historik
Franz_Kafka,2025-09-01,169519.0,Historik
Franz_Kafka,2025-10-01,173752.0,Historik
Franz_Kafka,2025-11-01,161275.0,Historik
Franz_Kafka,2025-12-01,222240.0,Historik
Franz_Kafka,2026-01-01,182849.61321567133,Parashikim 2026
Franz_Kafka,2026-02-01,181254.89124235595,Parashikim 2026
Franz_Kafka,2026-03-01,181190.32883564237,Parashikim 2026
Franz_Kafka,2026-04-01,181187.7150230591,Parashikim 2026
Franz_Kafka,2026-05-01,181187.60920271307,Parashikim 2026
Franz_Kafka,2026-06-01,181187.60491857055,Parashikim 2026
Franz_Kafka,2026-07-01,181187.6047451268,Parashikim 2026
Franz_Kafka,2026-08-01,181187.6047381049,Parashikim 2026
Franz_Kafka,2026-09-01,181187.60473782063,Parashikim 2026
Franz_Kafka,2026-10-01,181187.60473780913,Parashikim 2026
Franz_Kafka,2026-11-01,181187.60473780867,Parashikim 2026
Franz_Kafka,2026-12-01,181187.60473780864,Parashikim 2026
Guernica_(Picasso),2015-07-01,39456.0,Historik
Guernica_(Picasso),2015-08-01,47657.0,Historik
Guernica_(Picasso),2015-09-01,52896.0,Historik
Guernica_(Picasso),2015-10-01,51192.0,Historik
Guernica_(Picasso),2015-11-01,69471.0,Historik
Guernica_(Picasso),2015-12-01,58036.0,Historik
Guernica_(Picasso),2016-01-01,59672.0,Historik
Guernica_(Picasso),2016-02-01,67251.0,Historik
Guernica_(Picasso),2016-03-01,77857.0,Historik
Guernica_(Picasso),2016-04-01,82320.0,Historik
Guernica_(Picasso),2016-05-01,90020.0,Historik
Guernica_(Picasso),2016-06-01,59421.0,Historik
Guernica_(Picasso),2016-07-01,47251.0,Historik
Guernica_(Picasso),2016-08-01,48143.0,Historik
Guernica_(Picasso),2016-09-01,72045.0,Historik
Guernica_(Picasso),2016-10-01,78194.0,Historik
Guernica_(Picasso),2016-11-01,75184.0,Historik
Guernica_(Picasso),2016-12-01,69227.0,Historik
Guernica_(Picasso),2017-01-01,76550.0,Historik
Guernica_(Picasso),2017-02-01,73855.0,Historik
Guernica_(Picasso),2017-03-01,80102.0,Historik
Guernica_(Picasso),2017-04-01,94842.0,Historik
Guernica_(Picasso),2017-05-01,75599.0,Historik
Guernica_(Picasso),2017-06-01,48821.0,Historik
Guernica_(Picasso),2017-07-01,47819.0,Historik
Guernica_(Picasso),2017-08-01,47779.0,Historik
Guernica_(Picasso),2017-09-01,55458.0,Historik
Guernica_(Picasso),2017-10-01,64686.0,Historik
Guernica_(Picasso),2017-11-01,77908.0,Historik
Guernica_(Picasso),2017-12-01,57070.0,Historik
Guernica_(Picasso),2018-01-01,64061.0,Historik
Guernica_(Picasso),2018-02-01,66307.0,Historik
Guernica_(Picasso),2018-03-01,71526.0,Historik
Guernica_(Picasso),2018-04-01,100911.0,Historik
Guernica_(Picasso),2018-05-01,100664.0,Historik
Guernica_(Picasso),2018-06-01,67093.0,Historik
Guernica_(Picasso),2018-07-01,64049.0,Historik
Guernica_(Picasso),2018-08-01,58770.0,Historik
Guernica_(Picasso),2018-09-01,62561.0,Historik
Guernica_(Picasso),2018-10-01,67971.0,Historik
Guernica_(Picasso),2018-11-01,62909.0,Historik
Guernica_(Picasso),2018-12-01,51330.0,Historik
Guernica_(Picasso),2019-01-01,63256.0,Historik
Guernica_(Picasso),2019-02-01,61877.0,Historik
Guernica_(Picasso),2019-03-01,69171.0,Historik
Guernica_(Picasso),2019-04-01,69924.0,Historik
Guernica_(Picasso),2019-05-01,71962.0,Historik
Guernica_(Picasso),2019-06-01,51328.0,Historik
Guernica_(Picasso),2019-07-01,52115.0,Historik
Guernica_(Picasso),2019-08-01,49374.0,Historik
Guernica_(Picasso),2019-09-01,65342.0,Historik
Guernica_(Picasso),2019-10-01,66806.0,Historik
Guernica_(Picasso),2019-11-01,62865.0,Historik
Guernica_(Picasso),2019-12-01,54730.0,Historik
Guernica_(Picasso),2020-01-01,61300.0,Historik
Guernica_(Picasso),2020-02-01,67617.0,Historik
Guernica_(Picasso),2020-03-01,71618.0,Historik
Guernica_(Picasso),2020-04-01,79373.0,Historik
Guernica_(Picasso),2020-05-01,75725.0,Historik
Guernica_(Picasso),2020-06-01,54426.0,Historik
Guernica_(Picasso),2020-07-01,47718.0,Historik
Guernica_(Picasso),2020-08-01,53389.0,Historik
Guernica_(Picasso),2020-09-01,63510.0,Historik
Guernica_(Picasso),2020-10-01,141186.0,Historik
Guernica_(Picasso),2020-11-01,86926.0,Historik
Guernica_(Picasso),2020-12-01,64950.0,Historik
Guernica_(Picasso),2021-01-01,66908.0,Historik
Guernica_(Picasso),2021-02-01,69065.0,Historik
Guernica_(Picasso),2021-03-01,77114.0,Historik
Guernica_(Picasso),2021-04-01,70558.0,Historik
Guernica_(Picasso),2021-05-01,70489.0,Historik
Guernica_(Picasso),2021-06-01,50642.0,Historik
Guernica_(Picasso),2021-07-01,51332.0,Historik
Guernica_(Picasso),2021-08-01,50824.0,Historik
Guernica_(Picasso),2021-09-01,59459.0,Historik
Guernica_(Picasso),2021-10-01,66656.0,Historik
Guernica_(Picasso),2021-11-01,64701.0,Historik
Guernica_(Picasso),2021-12-01,52871.0,Historik
Guernica_(Picasso),2022-01-01,66381.0,Historik
Guernica_(Picasso),2022-02-01,71763.0,Historik
Guernica_(Picasso),2022-03-01,95039.0,Historik
Guernica_(Picasso),2022-04-01,88062.0,Historik
Guernica_(Picasso),2022-05-01,76180.0,Historik
Guernica_(Picasso),2022-06-01,68174.0,Historik
Guernica_(Picasso),2022-07-01,62521.0,Historik
Guernica_(Picasso),2022-08-01,64857.0,Historik
Guernica_(Picasso),2022-09-01,79776.0,Historik
Guernica_(Picasso),2022-10-01,97048.0,Historik
Guernica_(Picasso),2022-11-01,85923.0,Historik
Guernica_(Picasso),2022-12-01,63994.0,Historik
Guernica_(Picasso),2023-01-01,72964.0,Historik
Guernica_(Picasso),2023-02-01,74464.0,Historik
Guernica_(Picasso),2023-03-01,89936.0,Historik
Guernica_(Picasso),2023-04-01,96893.0,Historik
Guernica_(Picasso),2023-05-01,86376.0,Historik
Guernica_(Picasso),2023-06-01,70767.0,Historik
Guernica_(Picasso),2023-07-01,117891.0,Historik
Guernica_(Picasso),2023-08-01,72606.0,Historik
Guernica_(Picasso),2023-09-01,81251.0,Historik
Guernica_(Picasso),2023-10-01,101014.0,Historik
Guernica_(Picasso),2023-11-01,84297.0,Historik
Guernica_(Picasso),2023-12-01,84028.0,Historik
Guernica_(Picasso),2024-01-01,110581.0,Historik
Guernica_(Picasso),2024-02-01,101799.0,Historik
Guernica_(Picasso),2024-03-01,118150.0,Historik
Guernica_(Picasso),2024-04-01,99885.0,Historik
Guernica_(Picasso),2024-05-01,94195.0,Historik
Guernica_(Picasso),2024-06-01,78387.0,Historik
Guernica_(Picasso),2024-07-01,64878.0,Historik
Guernica_(Picasso),2024-08-01,63326.0,Historik
Guernica_(Picasso),2024-09-01,79776.0,Historik
Guernica_(Picasso),2024-10-01,107387.0,Historik
Guernica_(Picasso),2024-11-01,79145.0,Historik
Guernica_(Picasso),2024-12-01,67843.0,Historik
Guernica_(Picasso),2025-01-01,77688.0,Historik
Guernica_(Picasso),2025-02-01,83979.0,Historik
Guernica_(Picasso),2025-03-01,96854.0,Historik
Guernica_(Picasso),2025-04-01,91169.0,Historik
Guernica_(Picasso),2025-05-01,91966.0,Historik
Guernica_(Picasso),2025-06-01,77523.0,Historik
Guernica_(Picasso),2025-07-01,70238.0,Historik
Guernica_(Picasso),2025-08-01,73250.0,Historik
Guernica_(Picasso),2025-09-01,287224.0,Historik
Guernica_(Picasso),2025-10-01,96837.0,Historik
Guernica_(Picasso),2025-11-01,82962.0,Historik
Guernica_(Picasso),2025-12-01,70419.0,Historik
Guernica_(Picasso),2026-01-01,90226.45892885643,Parashikim 2026
Guernica_(Picasso),2026-02-01,93829.48213326595,Parashikim 2026
Guernica_(Picasso),2026-03-01,94484.88049900993,Parashikim 2026
Guernica_(Picasso),2026-04-01,94604.09899787893,Parashikim 2026
Guernica_(Picasso),2026-05-01,94625.7851222507,Parashikim 2026
Guernica_(Picasso),2026-06-01,94629.72987910244,Parashikim 2026
Guernica_(Picasso),2026-07-01,94630.4474396196,Parashikim 2026
Guernica_(Picasso),2026-08-01,94630.57796555951,Parashikim 2026
Guernica_(Picasso),2026-09-01,94630.60170853391,Parashikim 2026
Guernica_(Picasso),2026-10-01,94630.6060274366,Parashikim 2026
Guernica_(Picasso),2026-11-01,94630.60681305513,Parashikim 2026
Guernica_(Picasso),2026-12-01,94630.60695596098,Parashikim 2026
Jane_Austen,2015-07-01,129186.0,Historik
Jane_Austen,2015-08-01,132841.0,Historik
Jane_Austen,2015-09-01,136884.0,Historik
Jane_Austen,2015-10-01,130615.0,Historik
Jane_Austen,2015-11-01,139964.0,Historik
Jane_Austen,2015-12-01,149460.0,Historik
Jane_Austen,2016-01-01,178594.0,Historik
Jane_Austen,2016-02-01,149167.0,Historik
Jane_Austen,2016-03-01,265157.0,Historik
Jane_Austen,2016-04-01,176946.0,Historik
Jane_Austen,2016-05-01,188846.0,Historik
Jane_Austen,2016-06-01,178680.0,Historik
Jane_Austen,2016-07-01,142745.0,Historik
Jane_Austen,2016-08-01,136805.0,Historik
Jane_Austen,2016-09-01,142845.0,Historik
Jane_Austen,2016-10-01,139609.0,Historik
Jane_Austen,2016-11-01,149860.0,Historik
Jane_Austen,2016-12-01,184893.0,Historik
Jane_Austen,2017-01-01,189321.0,Historik
Jane_Austen,2017-02-01,153553.0,Historik
Jane_Austen,2017-03-01,194492.0,Historik
Jane_Austen,2017-04-01,142780.0,Historik
Jane_Austen,2017-05-01,168244.0,Historik
Jane_Austen,2017-06-01,147367.0,Historik
Jane_Austen,2017-07-01,269921.0,Historik
Jane_Austen,2017-08-01,132342.0,Historik
Jane_Austen,2017-09-01,179266.0,Historik
Jane_Austen,2017-10-01,148968.0,Historik
Jane_Austen,2017-11-01,132865.0,Historik
Jane_Austen,2017-12-01,150088.0,Historik
Jane_Austen,2018-01-01,160375.0,Historik
Jane_Austen,2018-02-01,125461.0,Historik
Jane_Austen,2018-03-01,134179.0,Historik
Jane_Austen,2018-04-01,131374.0,Historik
Jane_Austen,2018-05-01,130024.0,Historik
Jane_Austen,2018-06-01,129145.0,Historik
Jane_Austen,2018-07-01,140795.0,Historik
Jane_Austen,2018-08-01,138579.0,Historik
Jane_Austen,2018-09-01,127637.0,Historik
Jane_Austen,2018-10-01,122415.0,Historik
Jane_Austen,2018-11-01,124057.0,Historik
Jane_Austen,2018-12-01,126369.0,Historik
Jane_Austen,2019-01-01,229310.0,Historik
Jane_Austen,2019-02-01,179284.0,Historik
Jane_Austen,2019-03-01,166658.0,Historik
Jane_Austen,2019-04-01,136111.0,Historik
Jane_Austen,2019-05-01,132250.0,Historik
Jane_Austen,2019-06-01,116024.0,Historik
Jane_Austen,2019-07-01,135918.0,Historik
Jane_Austen,2019-08-01,154378.0,Historik
Jane_Austen,2019-09-01,144867.0,Historik
Jane_Austen,2019-10-01,152732.0,Historik
Jane_Austen,2019-11-01,140123.0,Historik
Jane_Austen,2019-12-01,188789.0,Historik
Jane_Austen,2020-01-01,229600.0,Historik
Jane_Austen,2020-02-01,210911.0,Historik
Jane_Austen,2020-03-01,207085.0,Historik
Jane_Austen,2020-04-01,223081.0,Historik
Jane_Austen,2020-05-01,198836.0,Historik
Jane_Austen,2020-06-01,155985.0,Historik
Jane_Austen,2020-07-01,188947.0,Historik
Jane_Austen,2020-08-01,170491.0,Historik
Jane_Austen,2020-09-01,176280.0,Historik
Jane_Austen,2020-10-01,159077.0,Historik
Jane_Austen,2020-11-01,160624.0,Historik
Jane_Austen,2020-12-01,203143.0,Historik
Jane_Austen,2021-01-01,210429.0,Historik
Jane_Austen,2021-02-01,170924.0,Historik
Jane_Austen,2021-03-01,180986.0,Historik
Jane_Austen,2021-04-01,171993.0,Historik
Jane_Austen,2021-05-01,153198.0,Historik
Jane_Austen,2021-06-01,153857.0,Historik
Jane_Austen,2021-07-01,141898.0,Historik
Jane_Austen,2021-08-01,135522.0,Historik
Jane_Austen,2021-09-01,128627.0,Historik
Jane_Austen,2021-10-01,138137.0,Historik
Jane_Austen,2021-11-01,136420.0,Historik
Jane_Austen,2021-12-01,137167.0,Historik
Jane_Austen,2022-01-01,186470.0,Historik
Jane_Austen,2022-02-01,140060.0,Historik
Jane_Austen,2022-03-01,163414.0,Historik
Jane_Austen,2022-04-01,157196.0,Historik
Jane_Austen,2022-05-01,143965.0,Historik
Jane_Austen,2022-06-01,153711.0,Historik
Jane_Austen,2022-07-01,290131.0,Historik
Jane_Austen,2022-08-01,192268.0,Historik
Jane_Austen,2022-09-01,151349.0,Historik
Jane_Austen,2022-10-01,137864.0,Historik
Jane_Austen,2022-11-01,146280.0,Historik
Jane_Austen,2022-12-01,143713.0,Historik
Jane_Austen,2023-01-01,166843.0,Historik
Jane_Austen,2023-02-01,153442.0,Historik
Jane_Austen,2023-03-01,178184.0,Historik
Jane_Austen,2023-04-01,147642.0,Historik
Jane_Austen,2023-05-01,147276.0,Historik
Jane_Austen,2023-06-01,138268.0,Historik
Jane_Austen,2023-07-01,164059.0,Historik
Jane_Austen,2023-08-01,170747.0,Historik
Jane_Austen,2023-09-01,155928.0,Historik
Jane_Austen,2023-10-01,149335.0,Historik
Jane_Austen,2023-11-01,143086.0,Historik
Jane_Austen,2023-12-01,163632.0,Historik
Jane_Austen,2024-01-01,214521.0,Historik
Jane_Austen,2024-02-01,248341.0,Historik
Jane_Austen,2024-03-01,170063.0,Historik
Jane_Austen,2024-04-01,154673.0,Historik
Jane_Austen,2024-05-01,146344.0,Historik
Jane_Austen,2024-06-01,131829.0,Historik
Jane_Austen,2024-07-01,119018.0,Historik
Jane_Austen,2024-08-01,116481.0,Historik
Jane_Austen,2024-09-01,122723.0,Historik
Jane_Austen,2024-10-01,120632.0,Historik
Jane_Austen,2024-11-01,128875.0,Historik
Jane_Austen,2024-12-01,137058.0,Historik
Jane_Austen,2025-01-01,189336.0,Historik
Jane_Austen,2025-02-01,574593.0,Historik
Jane_Austen,2025-03-01,229152.0,Historik
Jane_Austen,2025-04-01,197969.0,Historik
Jane_Austen,2025-05-01,515765.0,Historik
Jane_Austen,2025-06-01,345186.0,Historik
Jane_Austen,2025-07-01,208089.0,Historik
Jane_Austen,2025-08-01,253956.0,Historik
Jane_Austen,2025-09-01,300961.0,Historik
Jane_Austen,2025-10-01,179652.0,Historik
Jane_Austen,2025-11-01,191493.0,Historik
Jane_Austen,2025-12-01,323566.0,Historik
Jane_Austen,2026-01-01,272855.63174825546,Parashikim 2026
Jane_Austen,2026-02-01,263894.14071201417,Parashikim 2026
Jane_Austen,2026-03-01,262310.47401107533,Parashikim 2026
Jane_Austen,2026-04-01,262030.60984455218,Parashikim 2026
Jane_Austen,2026-05-01,261981.15249872475,Parashikim 2026
Jane_Austen,2026-06-01,261972.41244069344,Parashikim 2026
Jane_Austen,2026-07-01,261970.8679054356,Parashikim 2026
Jane_Austen,2026-08-01,261970.59495654277,Parashikim 2026
Jane_Austen,2026-09-01,261970.54672125794,Parashikim 2026
Jane_Austen,2026-10-01,261970.53819716143,Parashikim 2026
Jane_Austen,2026-11-01,261970.5366907907,Parashikim 2026
Jane_Austen,2026-12-01,261970.5364245862,Parashikim 2026
Kosovo_War,2015-07-01,53993.0,Historik
Kosovo_War,2015-08-01,47708.0,Historik
Kosovo_War,2015-09-01,60010.0,Historik
Kosovo_War,2015-10-01,62596.0,Historik
Kosovo_War,2015-11-01,70266.0,Historik
Kosovo_War,2015-12-01,62515.0,Historik
Kosovo_War,2016-01-01,58422.0,Historik
Kosovo_War,2016-02-01,61411.0,Historik
Kosovo_War,2016-03-01,73419.0,Historik
Kosovo_War,2016-04-01,64972.0,Historik
Kosovo_War,2016-05-01,71094.0,Historik
Kosovo_War,2016-06-01,65574.0,Historik
Kosovo_War,2016-07-01,57267.0,Historik
Kosovo_War,2016-08-01,65494.0,Historik
Kosovo_War,2016-09-01,58111.0,Historik
Kosovo_War,2016-10-01,62383.0,Historik
Kosovo_War,2016-11-01,64125.0,Historik
Kosovo_War,2016-12-01,60353.0,Historik
Kosovo_War,2017-01-01,67103.0,Historik
Kosovo_War,2017-02-01,58466.0,Historik
Kosovo_War,2017-03-01,64795.0,Historik
Kosovo_War,2017-04-01,67236.0,Historik
Kosovo_War,2017-05-01,66326.0,Historik
Kosovo_War,2017-06-01,53640.0,Historik
Kosovo_War,2017-07-01,48721.0,Historik
Kosovo_War,2017-08-01,46645.0,Historik
Kosovo_War,2017-09-01,49349.0,Historik
Kosovo_War,2017-10-01,58086.0,Historik
Kosovo_War,2017-11-01,66673.0,Historik
Kosovo_War,2017-12-01,51695.0,Historik
Kosovo_War,2018-01-01,54204.0,Historik
Kosovo_War,2018-02-01,53144.0,Historik
Kosovo_War,2018-03-01,61488.0,Historik
Kosovo_War,2018-04-01,61347.0,Historik
Kosovo_War,2018-05-01,56469.0,Historik
Kosovo_War,2018-06-01,93511.0,Historik
Kosovo_War,2018-07-01,64291.0,Historik
Kosovo_War,2018-08-01,48522.0,Historik
Kosovo_War,2018-09-01,53680.0,Historik
Kosovo_War,2018-10-01,52700.0,Historik
Kosovo_War,2018-11-01,61597.0,Historik
Kosovo_War,2018-12-01,57700.0,Historik
Kosovo_War,2019-01-01,54825.0,Historik
Kosovo_War,2019-02-01,50713.0,Historik
Kosovo_War,2019-03-01,81080.0,Historik
Kosovo_War,2019-04-01,60576.0,Historik
Kosovo_War,2019-05-01,62046.0,Historik
Kosovo_War,2019-06-01,62055.0,Historik
Kosovo_War,2019-07-01,53380.0,Historik
Kosovo_War,2019-08-01,51771.0,Historik
Kosovo_War,2019-09-01,71959.0,Historik
Kosovo_War,2019-10-01,56288.0,Historik
Kosovo_War,2019-11-01,95674.0,Historik
Kosovo_War,2019-12-01,55002.0,Historik
Kosovo_War,2020-01-01,58719.0,Historik
Kosovo_War,2020-02-01,48544.0,Historik
Kosovo_War,2020-03-01,54498.0,Historik
Kosovo_War,2020-04-01,64445.0,Historik
Kosovo_War,2020-05-01,64200.0,Historik
Kosovo_War,2020-06-01,58677.0,Historik
Kosovo_War,2020-07-01,64068.0,Historik
Kosovo_War,2020-08-01,53208.0,Historik
Kosovo_War,2020-09-01,57440.0,Historik
Kosovo_War,2020-10-01,54793.0,Historik
Kosovo_War,2020-11-01,68453.0,Historik
Kosovo_War,2020-12-01,53939.0,Historik
Kosovo_War,2021-01-01,56707.0,Historik
Kosovo_War,2021-02-01,60985.0,Historik
Kosovo_War,2021-03-01,83269.0,Historik
Kosovo_War,2021-04-01,74401.0,Historik
Kosovo_War,2021-05-01,71308.0,Historik
Kosovo_War,2021-06-01,79031.0,Historik
Kosovo_War,2021-07-01,65564.0,Historik
Kosovo_War,2021-08-01,68324.0,Historik
Kosovo_War,2021-09-01,68366.0,Historik
Kosovo_War,2021-10-01,65525.0,Historik
Kosovo_War,2021-11-01,64513.0,Historik
Kosovo_War,2021-12-01,65094.0,Historik
Kosovo_War,2022-01-01,85171.0,Historik
Kosovo_War,2022-02-01,170743.0,Historik
Kosovo_War,2022-03-01,260170.0,Historik
Kosovo_War,2022-04-01,116890.0,Historik
Kosovo_War,2022-05-01,100127.0,Historik
Kosovo_War,2022-06-01,80247.0,Historik
Kosovo_War,2022-07-01,93296.0,Historik
Kosovo_War,2022-08-01,111481.0,Historik
Kosovo_War,2022-09-01,85933.0,Historik
Kosovo_War,2022-10-01,88026.0,Historik
Kosovo_War,2022-11-01,103616.0,Historik
Kosovo_War,2022-12-01,151146.0,Historik
Kosovo_War,2023-01-01,91995.0,Historik
Kosovo_War,2023-02-01,80253.0,Historik
Kosovo_War,2023-03-01,106678.0,Historik
Kosovo_War,2023-04-01,79285.0,Historik
Kosovo_War,2023-05-01,106206.0,Historik
Kosovo_War,2023-06-01,102521.0,Historik
Kosovo_War,2023-07-01,86561.0,Historik
Kosovo_War,2023-08-01,81154.0,Historik
Kosovo_War,2023-09-01,98266.0,Historik
Kosovo_War,2023-10-01,100985.0,Historik
Kosovo_War,2023-11-01,84052.0,Historik
Kosovo_War,2023-12-01,134087.0,Historik
Kosovo_War,2024-01-01,112255.0,Historik
Kosovo_War,2024-02-01,87051.0,Historik
Kosovo_War,2024-03-01,113938.0,Historik
Kosovo_War,2024-04-01,84785.0,Historik
Kosovo_War,2024-05-01,89728.0,Historik
Kosovo_War,2024-06-01,116704.0,Historik
Kosovo_War,2024-07-01,86495.0,Historik
Kosovo_War,2024-08-01,82428.0,Historik
Kosovo_War,2024-09-01,73088.0,Historik
Kosovo_War,2024-10-01,77716.0,Historik
Kosovo_War,2024-11-01,83379.0,Historik
Kosovo_War,2024-12-01,73657.0,Historik
Kosovo_War,2025-01-01,76776.0,Historik
Kosovo_War,2025-02-01,79823.0,Historik
Kosovo_War,2025-03-01,92470.0,Historik
Kosovo_War,2025-04-01,73146.0,Historik
Kosovo_War,2025-05-01,77754.0,Historik
Kosovo_War,2025-06-01,99106.0,Historik
Kosovo_War,2025-07-01,73269.0,Historik
Kosovo_War,2025-08-01,78417.0,Historik
Kosovo_War,2025-09-01,74678.0,Historik
Kosovo_War,2025-10-01,76834.0,Historik
Kosovo_War,2025-11-01,70284.0,Historik
Kosovo_War,2025-12-01,61557.0,Historik
Kosovo_War,2026-01-01,70917.86434552798,Parashikim 2026
Kosovo_War,2026-02-01,74943.87048623023,Parashikim 2026
Kosovo_War,2026-03-01,76675.41202413486,Parashikim 2026
Kosovo_War,2026-04-01,77420.12924331082,Parashikim 2026
Kosovo_War,2026-05-01,77740.42403520377,Parashikim 2026
Kosovo_War,2026-06-01,77878.17934832419,Parashikim 2026
Kosovo_War,2026-07-01,77937.42641313207,Parashikim 2026
Kosovo_War,2026-08-01,77962.90793256558,Parashikim 2026
Kosovo_War,2026-09-01,77973.86725746625,Parashikim 2026
Kosovo_War,2026-10-01,77978.58074414007,Parashikim 2026
Kosovo_War,2026-11-01,77980.60796359251,Parashikim 2026
Kosovo_War,2026-12-01,77981.47984867307,Parashikim 2026
Leonardo_da_Vinci,2015-07-01,265824.0,Historik
Leonardo_da_Vinci,2015-08-01,285477.0,Historik
Leonardo_da_Vinci,2015-09-01,369206.0,Historik
Leonardo_da_Vinci,2015-10-01,400922.0,Historik
Leonardo_da_Vinci,2015-11-01,431722.0,Historik
Leonardo_da_Vinci,2015-12-01,421096.0,Historik
Leonardo_da_Vinci,2016-01-01,424975.0,Historik
Leonardo_da_Vinci,2016-02-01,374655.0,Historik
Leonardo_da_Vinci,2016-03-01,384445.0,Historik
Leonardo_da_Vinci,2016-04-01,408807.0,Historik
Leonardo_da_Vinci,2016-05-01,395159.0,Historik
Leonardo_da_Vinci,2016-06-01,294128.0,Historik
Leonardo_da_Vinci,2016-07-01,248884.0,Historik
Leonardo_da_Vinci,2016-08-01,278490.0,Historik
Leonardo_da_Vinci,2016-09-01,355012.0,Historik
Leonardo_da_Vinci,2016-10-01,379846.0,Historik
Leonardo_da_Vinci,2016-11-01,366892.0,Historik
Leonardo_da_Vinci,2016-12-01,346706.0,Historik
Leonardo_da_Vinci,2017-01-01,392788.0,Historik
Leonardo_da_Vinci,2017-02-01,363559.0,Historik
Leonardo_da_Vinci,2017-03-01,388108.0,Historik
Leonardo_da_Vinci,2017-04-01,360485.0,Historik
Leonardo_da_Vinci,2017-05-01,367044.0,Historik
Leonardo_da_Vinci,2017-06-01,268657.0,Historik
Leonardo_da_Vinci,2017-07-01,249573.0,Historik
Leonardo_da_Vinci,2017-08-01,280254.0,Historik
Leonardo_da_Vinci,2017-09-01,327310.0,Historik
Leonardo_da_Vinci,2017-10-01,409591.0,Historik
Leonardo_da_Vinci,2017-11-01,563164.0,Historik
Leonardo_da_Vinci,2017-12-01,339811.0,Historik
Leonardo_da_Vinci,2018-01-01,377681.0,Historik
Leonardo_da_Vinci,2018-02-01,327698.0,Historik
Leonardo_da_Vinci,2018-03-01,356280.0,Historik
Leonardo_da_Vinci,2018-04-01,359396.0,Historik
Leonardo_da_Vinci,2018-05-01,375201.0,Historik
Leonardo_da_Vinci,2018-06-01,290345.0,Historik
Leonardo_da_Vinci,2018-07-01,271868.0,Historik
Leonardo_da_Vinci,2018-08-01,297795.0,Historik
Leonardo_da_Vinci,2018-09-01,345234.0,Historik
Leonardo_da_Vinci,2018-10-01,364895.0,Historik
Leonardo_da_Vinci,2018-11-01,339527.0,Historik
Leonardo_da_Vinci,2018-12-01,294951.0,Historik
Leonardo_da_Vinci,2019-01-01,368589.0,Historik
Leonardo_da_Vinci,2019-02-01,350449.0,Historik
Leonardo_da_Vinci,2019-03-01,347788.0,Historik
Leonardo_da_Vinci,2019-04-01,387896.0,Historik
Leonardo_da_Vinci,2019-05-01,461425.0,Historik
Leonardo_da_Vinci,2019-06-01,284296.0,Historik
Leonardo_da_Vinci,2019-07-01,284688.0,Historik
Leonardo_da_Vinci,2019-08-01,264785.0,Historik
Leonardo_da_Vinci,2019-09-01,293677.0,Historik
Leonardo_da_Vinci,2019-10-01,372149.0,Historik
Leonardo_da_Vinci,2019-11-01,322598.0,Historik
Leonardo_da_Vinci,2019-12-01,250739.0,Historik
Leonardo_da_Vinci,2020-01-01,274562.0,Historik
Leonardo_da_Vinci,2020-02-01,259426.0,Historik
Leonardo_da_Vinci,2020-03-01,270357.0,Historik
Leonardo_da_Vinci,2020-04-01,331553.0,Historik
Leonardo_da_Vinci,2020-05-01,327908.0,Historik
Leonardo_da_Vinci,2020-06-01,281743.0,Historik
Leonardo_da_Vinci,2020-07-01,225909.0,Historik
Leonardo_da_Vinci,2020-08-01,247386.0,Historik
Leonardo_da_Vinci,2020-09-01,266002.0,Historik
Leonardo_da_Vinci,2020-10-01,290807.0,Historik
Leonardo_da_Vinci,2020-11-01,279443.0,Historik
Leonardo_da_Vinci,2020-12-01,268616.0,Historik
Leonardo_da_Vinci,2021-01-01,316640.0,Historik
Leonardo_da_Vinci,2021-02-01,301070.0,Historik
Leonardo_da_Vinci,2021-03-01,613813.0,Historik
Leonardo_da_Vinci,2021-04-01,515050.0,Historik
Leonardo_da_Vinci,2021-05-01,438672.0,Historik
Leonardo_da_Vinci,2021-06-01,287709.0,Historik
Leonardo_da_Vinci,2021-07-01,296446.0,Historik
Leonardo_da_Vinci,2021-08-01,265154.0,Historik
Leonardo_da_Vinci,2021-09-01,290929.0,Historik
Leonardo_da_Vinci,2021-10-01,289029.0,Historik
Leonardo_da_Vinci,2021-11-01,293554.0,Historik
Leonardo_da_Vinci,2021-12-01,296380.0,Historik
Leonardo_da_Vinci,2022-01-01,312282.0,Historik
Leonardo_da_Vinci,2022-02-01,281884.0,Historik
Leonardo_da_Vinci,2022-03-01,298453.0,Historik
Leonardo_da_Vinci,2022-04-01,296829.0,Historik
Leonardo_da_Vinci,2022-05-01,333173.0,Historik
Leonardo_da_Vinci,2022-06-01,281092.0,Historik
Leonardo_da_Vinci,2022-07-01,269007.0,Historik
Leonardo_da_Vinci,2022-08-01,350739.0,Historik
Leonardo_da_Vinci,2022-09-01,395160.0,Historik
Leonardo_da_Vinci,2022-10-01,379078.0,Historik
Leonardo_da_Vinci,2022-11-01,363808.0,Historik
Leonardo_da_Vinci,2022-12-01,317195.0,Historik
Leonardo_da_Vinci,2023-01-01,365140.0,Historik
Leonardo_da_Vinci,2023-02-01,324642.0,Historik
Leonardo_da_Vinci,2023-03-01,376545.0,Historik
Leonardo_da_Vinci,2023-04-01,322443.0,Historik
Leonardo_da_Vinci,2023-05-01,341581.0,Historik
Leonardo_da_Vinci,2023-06-01,295572.0,Historik
Leonardo_da_Vinci,2023-07-01,301801.0,Historik
Leonardo_da_Vinci,2023-08-01,297641.0,Historik
Leonardo_da_Vinci,2023-09-01,314707.0,Historik
Leonardo_da_Vinci,2023-10-01,334423.0,Historik
Leonardo_da_Vinci,2023-11-01,315919.0,Historik
Leonardo_da_Vinci,2023-12-01,381367.0,Historik
Leonardo_da_Vinci,2024-01-01,406328.0,Historik
Leonardo_da_Vinci,2024-02-01,327762.0,Historik
Leonardo_da_Vinci,2024-03-01,332657.0,Historik
Leonardo_da_Vinci,2024-04-01,334670.0,Historik
Leonardo_da_Vinci,2024-05-01,291698.0,Historik
Leonardo_da_Vinci,2024-06-01,219940.0,Historik
Leonardo_da_Vinci,2024-07-01,280623.0,Historik
Leonardo_da_Vinci,2024-08-01,256356.0,Historik
Leonardo_da_Vinci,2024-09-01,255745.0,Historik
Leonardo_da_Vinci,2024-10-01,286576.0,Historik
Leonardo_da_Vinci,2024-11-01,386881.0,Historik
Leonardo_da_Vinci,2024-12-01,276608.0,Historik
Leonardo_da_Vinci,2025-01-01,287272.0,Historik
Leonardo_da_Vinci,2025-02-01,239285.0,Historik
Leonardo_da_Vinci,2025-03-01,275255.0,Historik
Leonardo_da_Vinci,2025-04-01,264817.0,Historik
Leonardo_da_Vinci,2025-05-01,256627.0,Historik
Leonardo_da_Vinci,2025-06-01,206776.0,Historik
Leonardo_da_Vinci,2025-07-01,205420.0,Historik
Leonardo_da_Vinci,2025-08-01,216696.0,Historik
Leonardo_da_Vinci,2025-09-01,240761.0,Historik
Leonardo_da_Vinci,2025-10-01,244751.0,Historik
Leonardo_da_Vinci,2025-11-01,218303.0,Historik
Leonardo_da_Vinci,2025-12-01,212493.0,Historik
Leonardo_da_Vinci,2026-01-01,242743.7295025793,Parashikim 2026
Leonardo_da_Vinci,2026-02-01,263095.5041620897,Parashikim 2026
Leonardo_da_Vinci,2026-03-01,276787.5617951519,Parashikim 2026
Leonardo_da_Vinci,2026-04-01,285999.1635037769,Parashikim 2026
Leonardo_da_Vinci,2026-05-01,292196.4501580082,Parashikim 2026
Leonardo_da_Vinci,2026-06-01,296365.7969328208,Parashikim 2026
Leonardo_da_Vinci,2026-07-01,299170.80717335426,Parashikim 2026
Leonardo_da_Vinci,2026-08-01,301057.933112849,Parashikim 2026
Leonardo_da_Vinci,2026-09-01,302327.53429292765,Parashikim 2026
Leonardo_da_Vinci,2026-10-01,303181.68351674074,Parashikim 2026
Leonardo_da_Vinci,2026-11-01,303756.32924642996,Parashikim 2026
Leonardo_da_Vinci,2026-12-01,304142.9334900958,Parashikim 2026
Mark_Twain,2015-07-01,139033.0,Historik
Mark_Twain,2015-08-01,141310.0,Historik
Mark_Twain,2015-09-01,150609.0,Historik
Mark_Twain,2015-10-01,168948.0,Historik
Mark_Twain,2015-11-01,203839.0,Historik
Mark_Twain,2015-12-01,187583.0,Historik
Mark_Twain,2016-01-01,180503.0,Historik
Mark_Twain,2016-02-01,178549.0,Historik
Mark_Twain,2016-03-01,168712.0,Historik
Mark_Twain,2016-04-01,172290.0,Historik
Mark_Twain,2016-05-01,168013.0,Historik
Mark_Twain,2016-06-01,141546.0,Historik
Mark_Twain,2016-07-01,122619.0,Historik
Mark_Twain,2016-08-01,129649.0,Historik
Mark_Twain,2016-09-01,155483.0,Historik
Mark_Twain,2016-10-01,161799.0,Historik
Mark_Twain,2016-11-01,196453.0,Historik
Mark_Twain,2016-12-01,160133.0,Historik
Mark_Twain,2017-01-01,172799.0,Historik
Mark_Twain,2017-02-01,219219.0,Historik
Mark_Twain,2017-03-01,163273.0,Historik
Mark_Twain,2017-04-01,154118.0,Historik
Mark_Twain,2017-05-01,157932.0,Historik
Mark_Twain,2017-06-01,132784.0,Historik
Mark_Twain,2017-07-01,302036.0,Historik
Mark_Twain,2017-08-01,140099.0,Historik
Mark_Twain,2017-09-01,145066.0,Historik
Mark_Twain,2017-10-01,168610.0,Historik
Mark_Twain,2017-11-01,163332.0,Historik
Mark_Twain,2017-12-01,164389.0,Historik
Mark_Twain,2018-01-01,166888.0,Historik
Mark_Twain,2018-02-01,178621.0,Historik
Mark_Twain,2018-03-01,167946.0,Historik
Mark_Twain,2018-04-01,162931.0,Historik
Mark_Twain,2018-05-01,163885.0,Historik
Mark_Twain,2018-06-01,136732.0,Historik
Mark_Twain,2018-07-01,130652.0,Historik
Mark_Twain,2018-08-01,172466.0,Historik
Mark_Twain,2018-09-01,237866.0,Historik
Mark_Twain,2018-10-01,190747.0,Historik
Mark_Twain,2018-11-01,159753.0,Historik
Mark_Twain,2018-12-01,171778.0,Historik
Mark_Twain,2019-01-01,156514.0,Historik
Mark_Twain,2019-02-01,135348.0,Historik
Mark_Twain,2019-03-01,146209.0,Historik
Mark_Twain,2019-04-01,131717.0,Historik
Mark_Twain,2019-05-01,132058.0,Historik
Mark_Twain,2019-06-01,121409.0,Historik
Mark_Twain,2019-07-01,122135.0,Historik
Mark_Twain,2019-08-01,126884.0,Historik
Mark_Twain,2019-09-01,148768.0,Historik
Mark_Twain,2019-10-01,136284.0,Historik
Mark_Twain,2019-11-01,133654.0,Historik
Mark_Twain,2019-12-01,129532.0,Historik
Mark_Twain,2020-01-01,150661.0,Historik
Mark_Twain,2020-02-01,137762.0,Historik
Mark_Twain,2020-03-01,125773.0,Historik
Mark_Twain,2020-04-01,189249.0,Historik
Mark_Twain,2020-05-01,166921.0,Historik
Mark_Twain,2020-06-01,157925.0,Historik
Mark_Twain,2020-07-01,139712.0,Historik
Mark_Twain,2020-08-01,143002.0,Historik
Mark_Twain,2020-09-01,134016.0,Historik
Mark_Twain,2020-10-01,147517.0,Historik
Mark_Twain,2020-11-01,148072.0,Historik
Mark_Twain,2020-12-01,148602.0,Historik
Mark_Twain,2021-01-01,156034.0,Historik
Mark_Twain,2021-02-01,152395.0,Historik
Mark_Twain,2021-03-01,158405.0,Historik
Mark_Twain,2021-04-01,170913.0,Historik
Mark_Twain,2021-05-01,156552.0,Historik
Mark_Twain,2021-06-01,128839.0,Historik
Mark_Twain,2021-07-01,131459.0,Historik
Mark_Twain,2021-08-01,190250.0,Historik
Mark_Twain,2021-09-01,144531.0,Historik
Mark_Twain,2021-10-01,146014.0,Historik
Mark_Twain,2021-11-01,146008.0,Historik
Mark_Twain,2021-12-01,131907.0,Historik
Mark_Twain,2022-01-01,162908.0,Historik
Mark_Twain,2022-02-01,135731.0,Historik
Mark_Twain,2022-03-01,141512.0,Historik
Mark_Twain,2022-04-01,133290.0,Historik
Mark_Twain,2022-05-01,131255.0,Historik
Mark_Twain,2022-06-01,136344.0,Historik
Mark_Twain,2022-07-01,142393.0,Historik
Mark_Twain,2022-08-01,144375.0,Historik
Mark_Twain,2022-09-01,154700.0,Historik
Mark_Twain,2022-10-01,149661.0,Historik
Mark_Twain,2022-11-01,160043.0,Historik
Mark_Twain,2022-12-01,132031.0,Historik
Mark_Twain,2023-01-01,149477.0,Historik
Mark_Twain,2023-02-01,144502.0,Historik
Mark_Twain,2023-03-01,191728.0,Historik
Mark_Twain,2023-04-01,163527.0,Historik
Mark_Twain,2023-05-01,157943.0,Historik
Mark_Twain,2023-06-01,176956.0,Historik
Mark_Twain,2023-07-01,180524.0,Historik
Mark_Twain,2023-08-01,163847.0,Historik
Mark_Twain,2023-09-01,151329.0,Historik
Mark_Twain,2023-10-01,160534.0,Historik
Mark_Twain,2023-11-01,158178.0,Historik
Mark_Twain,2023-12-01,151451.0,Historik
Mark_Twain,2024-01-01,175577.0,Historik
Mark_Twain,2024-02-01,149643.0,Historik
Mark_Twain,2024-03-01,158183.0,Historik
Mark_Twain,2024-04-01,164976.0,Historik
Mark_Twain,2024-05-01,182376.0,Historik
Mark_Twain,2024-06-01,139850.0,Historik
Mark_Twain,2024-07-01,138660.0,Historik
Mark_Twain,2024-08-01,146752.0,Historik
Mark_Twain,2024-09-01,174859.0,Historik
Mark_Twain,2024-10-01,187780.0,Historik
Mark_Twain,2024-11-01,175066.0,Historik
Mark_Twain,2024-12-01,157282.0,Historik
Mark_Twain,2025-01-01,154359.0,Historik
Mark_Twain,2025-02-01,167694.0,Historik
Mark_Twain,2025-03-01,184533.0,Historik
Mark_Twain,2025-04-01,262778.0,Historik
Mark_Twain,2025-05-01,299852.0,Historik
Mark_Twain,2025-06-01,249462.0,Historik
Mark_Twain,2025-07-01,232161.0,Historik
Mark_Twain,2025-08-01,192446.0,Historik
Mark_Twain,2025-09-01,152224.0,Historik
Mark_Twain,2025-10-01,139749.0,Historik
Mark_Twain,2025-11-01,143949.0,Historik
Mark_Twain,2025-12-01,167267.0,Historik
Mark_Twain,2026-01-01,169042.18535445665,Parashikim 2026
Mark_Twain,2026-02-01,169977.04935459408,Parashikim 2026
Mark_Twain,2026-03-01,170469.37580183454,Parashikim 2026
Mark_Twain,2026-04-01,170728.64916204178,Parashikim 2026
Mark_Twain,2026-05-01,170865.19001961694,Parashikim 2026
Mark_Twain,2026-06-01,170937.09638814034,Parashikim 2026
Mark_Twain,2026-07-01,170974.96436352917,Parashikim 2026
Mark_Twain,2026-08-01,170994.90673566525,Parashikim 2026
Mark_Twain,2026-09-01,171005.4089661735,Parashikim 2026
Mark_Twain,2026-10-01,171010.93974480382,Parashikim 2026
Mark_Twain,2026-11-01,171013.8524129493,Parashikim 2026
Mark_Twain,2026-12-01,171015.38630831786,Parashikim 2026
Mona_Lisa,2015-07-01,207949.0,Historik
Mona_Lisa,2015-08-01,233436.0,Historik
Mona_Lisa,2015-09-01,250211.0,Historik
Mona_Lisa,2015-10-01,243845.0,Historik
Mona_Lisa,2015-11-01,235164.0,Historik
Mona_Lisa,2015-12-01,329241.0,Historik
Mona_Lisa,2016-01-01,257277.0,Historik
Mona_Lisa,2016-02-01,242176.0,Historik
Mona_Lisa,2016-03-01,259541.0,Historik
Mona_Lisa,2016-04-01,277809.0,Historik
Mona_Lisa,2016-05-01,250625.0,Historik
Mona_Lisa,2016-06-01,214817.0,Historik
Mona_Lisa,2016-07-01,195151.0,Historik
Mona_Lisa,2016-08-01,246828.0,Historik
Mona_Lisa,2016-09-01,257520.0,Historik
Mona_Lisa,2016-10-01,292899.0,Historik
Mona_Lisa,2016-11-01,282967.0,Historik
Mona_Lisa,2016-12-01,275387.0,Historik
Mona_Lisa,2017-01-01,311122.0,Historik
Mona_Lisa,2017-02-01,258919.0,Historik
Mona_Lisa,2017-03-01,279727.0,Historik
Mona_Lisa,2017-04-01,245404.0,Historik
Mona_Lisa,2017-05-01,262569.0,Historik
Mona_Lisa,2017-06-01,208213.0,Historik
Mona_Lisa,2017-07-01,217172.0,Historik
Mona_Lisa,2017-08-01,242528.0,Historik
Mona_Lisa,2017-09-01,269903.0,Historik
Mona_Lisa,2017-10-01,302046.0,Historik
Mona_Lisa,2017-11-01,338423.0,Historik
Mona_Lisa,2017-12-01,251486.0,Historik
Mona_Lisa,2018-01-01,289313.0,Historik
Mona_Lisa,2018-02-01,267546.0,Historik
Mona_Lisa,2018-03-01,294210.0,Historik
Mona_Lisa,2018-04-01,275158.0,Historik
Mona_Lisa,2018-05-01,303468.0,Historik
Mona_Lisa,2018-06-01,281958.0,Historik
Mona_Lisa,2018-07-01,273830.0,Historik
Mona_Lisa,2018-08-01,288649.0,Historik
Mona_Lisa,2018-09-01,290311.0,Historik
Mona_Lisa,2018-10-01,271065.0,Historik
Mona_Lisa,2018-11-01,250462.0,Historik
Mona_Lisa,2018-12-01,229504.0,Historik
Mona_Lisa,2019-01-01,279376.0,Historik
Mona_Lisa,2019-02-01,228955.0,Historik
Mona_Lisa,2019-03-01,258001.0,Historik
Mona_Lisa,2019-04-01,256127.0,Historik
Mona_Lisa,2019-05-01,261796.0,Historik
Mona_Lisa,2019-06-01,196799.0,Historik
Mona_Lisa,2019-07-01,204232.0,Historik
Mona_Lisa,2019-08-01,212997.0,Historik
Mona_Lisa,2019-09-01,227662.0,Historik
Mona_Lisa,2019-10-01,229312.0,Historik
Mona_Lisa,2019-11-01,216113.0,Historik
Mona_Lisa,2019-12-01,181031.0,Historik
Mona_Lisa,2020-01-01,200699.0,Historik
Mona_Lisa,2020-02-01,198580.0,Historik
Mona_Lisa,2020-03-01,210938.0,Historik
Mona_Lisa,2020-04-01,287006.0,Historik
Mona_Lisa,2020-05-01,262401.0,Historik
Mona_Lisa,2020-06-01,212083.0,Historik
Mona_Lisa,2020-07-01,204643.0,Historik
Mona_Lisa,2020-08-01,215952.0,Historik
Mona_Lisa,2020-09-01,236104.0,Historik
Mona_Lisa,2020-10-01,249957.0,Historik
Mona_Lisa,2020-11-01,237592.0,Historik
Mona_Lisa,2020-12-01,233086.0,Historik
Mona_Lisa,2021-01-01,274047.0,Historik
Mona_Lisa,2021-02-01,257829.0,Historik
Mona_Lisa,2021-03-01,284255.0,Historik
Mona_Lisa,2021-04-01,279422.0,Historik
Mona_Lisa,2021-05-01,267234.0,Historik
Mona_Lisa,2021-06-01,217178.0,Historik
Mona_Lisa,2021-07-01,220791.0,Historik
Mona_Lisa,2021-08-01,229394.0,Historik
Mona_Lisa,2021-09-01,253014.0,Historik
Mona_Lisa,2021-10-01,245885.0,Historik
Mona_Lisa,2021-11-01,246867.0,Historik
Mona_Lisa,2021-12-01,323072.0,Historik
Mona_Lisa,2022-01-01,352665.0,Historik
Mona_Lisa,2022-02-01,233058.0,Historik
Mona_Lisa,2022-03-01,248898.0,Historik
Mona_Lisa,2022-04-01,220899.0,Historik
Mona_Lisa,2022-05-01,347362.0,Historik
Mona_Lisa,2022-06-01,266216.0,Historik
Mona_Lisa,2022-07-01,226133.0,Historik
Mona_Lisa,2022-08-01,252502.0,Historik
Mona_Lisa,2022-09-01,302803.0,Historik
Mona_Lisa,2022-10-01,299180.0,Historik
Mona_Lisa,2022-11-01,302350.0,Historik
Mona_Lisa,2022-12-01,344271.0,Historik
Mona_Lisa,2023-01-01,362114.0,Historik
Mona_Lisa,2023-02-01,287993.0,Historik
Mona_Lisa,2023-03-01,324919.0,Historik
Mona_Lisa,2023-04-01,258048.0,Historik
Mona_Lisa,2023-05-01,316945.0,Historik
Mona_Lisa,2023-06-01,269184.0,Historik
Mona_Lisa,2023-07-01,287726.0,Historik
Mona_Lisa,2023-08-01,295089.0,Historik
Mona_Lisa,2023-09-01,329089.0,Historik
Mona_Lisa,2023-10-01,358143.0,Historik
Mona_Lisa,2023-11-01,305022.0,Historik
Mona_Lisa,2023-12-01,286345.0,Historik
Mona_Lisa,2024-01-01,518979.0,Historik
Mona_Lisa,2024-02-01,348215.0,Historik
Mona_Lisa,2024-03-01,339987.0,Historik
Mona_Lisa,2024-04-01,319210.0,Historik
Mona_Lisa,2024-05-01,275919.0,Historik
Mona_Lisa,2024-06-01,189337.0,Historik
Mona_Lisa,2024-07-01,216013.0,Historik
Mona_Lisa,2024-08-01,238153.0,Historik
Mona_Lisa,2024-09-01,237555.0,Historik
Mona_Lisa,2024-10-01,295793.0,Historik
Mona_Lisa,2024-11-01,265035.0,Historik
Mona_Lisa,2024-12-01,231379.0,Historik
Mona_Lisa,2025-01-01,326563.0,Historik
Mona_Lisa,2025-02-01,239307.0,Historik
Mona_Lisa,2025-03-01,262134.0,Historik
Mona_Lisa,2025-04-01,307355.0,Historik
Mona_Lisa,2025-05-01,261596.0,Historik
Mona_Lisa,2025-06-01,235101.0,Historik
Mona_Lisa,2025-07-01,177178.0,Historik
Mona_Lisa,2025-08-01,230210.0,Historik
Mona_Lisa,2025-09-01,224753.0,Historik
Mona_Lisa,2025-10-01,321570.0,Historik
Mona_Lisa,2025-11-01,221013.0,Historik
Mona_Lisa,2025-12-01,194760.0,Historik
Mona_Lisa,2026-01-01,222166.647409153,Parashikim 2026
Mona_Lisa,2026-02-01,231787.50513626914,Parashikim 2026
Mona_Lisa,2026-03-01,235164.82093938696,Parashikim 2026
Mona_Lisa,2026-04-01,236350.39735653333,Parashikim 2026
Mona_Lisa,2026-05-01,236766.58332279566,Parashikim 2026
Mona_Lisa,2026-06-01,236912.6816729388,Parashikim 2026
Mona_Lisa,2026-07-01,236963.96818821045,Parashikim 2026
Mona_Lisa,2026-08-01,236981.97185934108,Parashikim 2026
Mona_Lisa,2026-09-01,236988.29188659316,Parashikim 2026
Mona_Lisa,2026-10-01,236990.51047546745,Parashikim 2026
Mona_Lisa,2026-11-01,236991.28929119036,Parashikim 2026
Mona_Lisa,2026-12-01,236991.56268746368,Parashikim 2026
Pride_and_Prejudice,2015-07-01,132288.0,Historik
Pride_and_Prejudice,2015-08-01,140242.0,Historik
Pride_and_Prejudice,2015-09-01,139044.0,Historik
Pride_and_Prejudice,2015-10-01,149269.0,Historik
Pride_and_Prejudice,2015-11-01,144999.0,Historik
Pride_and_Prejudice,2015-12-01,153552.0,Historik
Pride_and_Prejudice,2016-01-01,280711.0,Historik
Pride_and_Prejudice,2016-02-01,897997.0,Historik
Pride_and_Prejudice,2016-03-01,183515.0,Historik
Pride_and_Prejudice,2016-04-01,151286.0,Historik
Pride_and_Prejudice,2016-05-01,162570.0,Historik
Pride_and_Prejudice,2016-06-01,167482.0,Historik
Pride_and_Prejudice,2016-07-01,139774.0,Historik
Pride_and_Prejudice,2016-08-01,136834.0,Historik
Pride_and_Prejudice,2016-09-01,145323.0,Historik
Pride_and_Prejudice,2016-10-01,148645.0,Historik
Pride_and_Prejudice,2016-11-01,161766.0,Historik
Pride_and_Prejudice,2016-12-01,163679.0,Historik
Pride_and_Prejudice,2017-01-01,173278.0,Historik
Pride_and_Prejudice,2017-02-01,153568.0,Historik
Pride_and_Prejudice,2017-03-01,150552.0,Historik
Pride_and_Prejudice,2017-04-01,139935.0,Historik
Pride_and_Prejudice,2017-05-01,141377.0,Historik
Pride_and_Prejudice,2017-06-01,131014.0,Historik
Pride_and_Prejudice,2017-07-01,134934.0,Historik
Pride_and_Prejudice,2017-08-01,127426.0,Historik
Pride_and_Prejudice,2017-09-01,121325.0,Historik
Pride_and_Prejudice,2017-10-01,128962.0,Historik
Pride_and_Prejudice,2017-11-01,135668.0,Historik
Pride_and_Prejudice,2017-12-01,141190.0,Historik
Pride_and_Prejudice,2018-01-01,154211.0,Historik
Pride_and_Prejudice,2018-02-01,130850.0,Historik
Pride_and_Prejudice,2018-03-01,148416.0,Historik
Pride_and_Prejudice,2018-04-01,146428.0,Historik
Pride_and_Prejudice,2018-05-01,139528.0,Historik
Pride_and_Prejudice,2018-06-01,128048.0,Historik
Pride_and_Prejudice,2018-07-01,136027.0,Historik
Pride_and_Prejudice,2018-08-01,154875.0,Historik
Pride_and_Prejudice,2018-09-01,131016.0,Historik
Pride_and_Prejudice,2018-10-01,134492.0,Historik
Pride_and_Prejudice,2018-11-01,142010.0,Historik
Pride_and_Prejudice,2018-12-01,136646.0,Historik
Pride_and_Prejudice,2019-01-01,169370.0,Historik
Pride_and_Prejudice,2019-02-01,130090.0,Historik
Pride_and_Prejudice,2019-03-01,132897.0,Historik
Pride_and_Prejudice,2019-04-01,118683.0,Historik
Pride_and_Prejudice,2019-05-01,119517.0,Historik
Pride_and_Prejudice,2019-06-01,114090.0,Historik
Pride_and_Prejudice,2019-07-01,140498.0,Historik
Pride_and_Prejudice,2019-08-01,138502.0,Historik
Pride_and_Prejudice,2019-09-01,142819.0,Historik
Pride_and_Prejudice,2019-10-01,151398.0,Historik
Pride_and_Prejudice,2019-11-01,144610.0,Historik
Pride_and_Prejudice,2019-12-01,157139.0,Historik
Pride_and_Prejudice,2020-01-01,174865.0,Historik
Pride_and_Prejudice,2020-02-01,153697.0,Historik
Pride_and_Prejudice,2020-03-01,179042.0,Historik
Pride_and_Prejudice,2020-04-01,220871.0,Historik
Pride_and_Prejudice,2020-05-01,201229.0,Historik
Pride_and_Prejudice,2020-06-01,170883.0,Historik
Pride_and_Prejudice,2020-07-01,234170.0,Historik
Pride_and_Prejudice,2020-08-01,243848.0,Historik
Pride_and_Prejudice,2020-09-01,253620.0,Historik
Pride_and_Prejudice,2020-10-01,201501.0,Historik
Pride_and_Prejudice,2020-11-01,206200.0,Historik
Pride_and_Prejudice,2020-12-01,235111.0,Historik
Pride_and_Prejudice,2021-01-01,265495.0,Historik
Pride_and_Prejudice,2021-02-01,187858.0,Historik
Pride_and_Prejudice,2021-03-01,179707.0,Historik
Pride_and_Prejudice,2021-04-01,169665.0,Historik
Pride_and_Prejudice,2021-05-01,159780.0,Historik
Pride_and_Prejudice,2021-06-01,149737.0,Historik
Pride_and_Prejudice,2021-07-01,145995.0,Historik
Pride_and_Prejudice,2021-08-01,127890.0,Historik
Pride_and_Prejudice,2021-09-01,121792.0,Historik
Pride_and_Prejudice,2021-10-01,133714.0,Historik
Pride_and_Prejudice,2021-11-01,130080.0,Historik
Pride_and_Prejudice,2021-12-01,132088.0,Historik
Pride_and_Prejudice,2022-01-01,163010.0,Historik
Pride_and_Prejudice,2022-02-01,122289.0,Historik
Pride_and_Prejudice,2022-03-01,132760.0,Historik
Pride_and_Prejudice,2022-04-01,132618.0,Historik
Pride_and_Prejudice,2022-05-01,117932.0,Historik
Pride_and_Prejudice,2022-06-01,142107.0,Historik
Pride_and_Prejudice,2022-07-01,129936.0,Historik
Pride_and_Prejudice,2022-08-01,131766.0,Historik
Pride_and_Prejudice,2022-09-01,123359.0,Historik
Pride_and_Prejudice,2022-10-01,120112.0,Historik
Pride_and_Prejudice,2022-11-01,127609.0,Historik
Pride_and_Prejudice,2022-12-01,113858.0,Historik
Pride_and_Prejudice,2023-01-01,145508.0,Historik
Pride_and_Prejudice,2023-02-01,132258.0,Historik
Pride_and_Prejudice,2023-03-01,163187.0,Historik
Pride_and_Prejudice,2023-04-01,135257.0,Historik
Pride_and_Prejudice,2023-05-01,147471.0,Historik
Pride_and_Prejudice,2023-06-01,133831.0,Historik
Pride_and_Prejudice,2023-07-01,170783.0,Historik
Pride_and_Prejudice,2023-08-01,157341.0,Historik
Pride_and_Prejudice,2023-09-01,138148.0,Historik
Pride_and_Prejudice,2023-10-01,150690.0,Historik
Pride_and_Prejudice,2023-11-01,137974.0,Historik
Pride_and_Prejudice,2023-12-01,167387.0,Historik
Pride_and_Prejudice,2024-01-01,224396.0,Historik
Pride_and_Prejudice,2024-02-01,200713.0,Historik
Pride_and_Prejudice,2024-03-01,166406.0,Historik
Pride_and_Prejudice,2024-04-01,157331.0,Historik
Pride_and_Prejudice,2024-05-01,139833.0,Historik
Pride_and_Prejudice,2024-06-01,124498.0,Historik
Pride_and_Prejudice,2024-07-01,106365.0,Historik
Pride_and_Prejudice,2024-08-01,107363.0,Historik
Pride_and_Prejudice,2024-09-01,120557.0,Historik
Pride_and_Prejudice,2024-10-01,121955.0,Historik
Pride_and_Prejudice,2024-11-01,117314.0,Historik
Pride_and_Prejudice,2024-12-01,126142.0,Historik
Pride_and_Prejudice,2025-01-01,164982.0,Historik
Pride_and_Prejudice,2025-02-01,138436.0,Historik
Pride_and_Prejudice,2025-03-01,165782.0,Historik
Pride_and_Prejudice,2025-04-01,187958.0,Historik
Pride_and_Prejudice,2025-05-01,190141.0,Historik
Pride_and_Prejudice,2025-06-01,153391.0,Historik
Pride_and_Prejudice,2025-07-01,122884.0,Historik
Pride_and_Prejudice,2025-08-01,130651.0,Historik
Pride_and_Prejudice,2025-09-01,128150.0,Historik
Pride_and_Prejudice,2025-10-01,113467.0,Historik
Pride_and_Prejudice,2025-11-01,121177.0,Historik
Pride_and_Prejudice,2025-12-01,141637.0,Historik
Pride_and_Prejudice,2026-01-01,149948.4314808077,Parashikim 2026
Pride_and_Prejudice,2026-02-01,152546.71500200653,Parashikim 2026
Pride_and_Prejudice,2026-03-01,153358.97908336515,Parashikim 2026
Pride_and_Prejudice,2026-04-01,153612.90554384663,Parashikim 2026
Pride_and_Prejudice,2026-05-01,153692.2869283156,Parashikim 2026
Pride_and_Prejudice,2026-06-01,153717.1027910983,Parashikim 2026
Pride_and_Prejudice,2026-07-01,153724.8606180721,Parashikim 2026
Pride_and_Prejudice,2026-08-01,153727.28583616274,Parashikim 2026
Pride_and_Prejudice,2026-09-01,153728.04399728274,Parashikim 2026
Pride_and_Prejudice,2026-10-01,153728.281010311,Parashikim 2026
Pride_and_Prejudice,2026-11-01,153728.35510429193,Parashikim 2026
Pride_and_Prejudice,2026-12-01,153728.37826722965,Parashikim 2026
September_11_attacks,2015-07-01,430565.0,Historik
September_11_attacks,2015-08-01,503321.0,Historik
September_11_attacks,2015-09-01,1963999.0,Historik
September_11_attacks,2015-10-01,481450.0,Historik
September_11_attacks,2015-11-01,776653.0,Historik
September_11_attacks,2015-12-01,459141.0,Historik
September_11_attacks,2016-01-01,423241.0,Historik
September_11_attacks,2016-02-01,408924.0,Historik
September_11_attacks,2016-03-01,457715.0,Historik
September_11_attacks,2016-04-01,442909.0,Historik
September_11_attacks,2016-05-01,483100.0,Historik
September_11_attacks,2016-06-01,453097.0,Historik
September_11_attacks,2016-07-01,427088.0,Historik
September_11_attacks,2016-08-01,393993.0,Historik
September_11_attacks,2016-09-01,1876686.0,Historik
September_11_attacks,2016-10-01,383482.0,Historik
September_11_attacks,2016-11-01,405640.0,Historik
September_11_attacks,2016-12-01,337695.0,Historik
September_11_attacks,2017-01-01,458784.0,Historik
September_11_attacks,2017-02-01,388756.0,Historik
September_11_attacks,2017-03-01,418363.0,Historik
September_11_attacks,2017-04-01,419408.0,Historik
September_11_attacks,2017-05-01,488438.0,Historik
September_11_attacks,2017-06-01,404629.0,Historik
September_11_attacks,2017-07-01,359796.0,Historik
September_11_attacks,2017-08-01,375337.0,Historik
September_11_attacks,2017-09-01,1299756.0,Historik
September_11_attacks,2017-10-01,381408.0,Historik
September_11_attacks,2017-11-01,388452.0,Historik
September_11_attacks,2017-12-01,319296.0,Historik
September_11_attacks,2018-01-01,355813.0,Historik
September_11_attacks,2018-02-01,337727.0,Historik
September_11_attacks,2018-03-01,390273.0,Historik
September_11_attacks,2018-04-01,421993.0,Historik
September_11_attacks,2018-05-01,417230.0,Historik
September_11_attacks,2018-06-01,321600.0,Historik
September_11_attacks,2018-07-01,345289.0,Historik
September_11_attacks,2018-08-01,431309.0,Historik
September_11_attacks,2018-09-01,2217591.0,Historik
September_11_attacks,2018-10-01,421817.0,Historik
September_11_attacks,2018-11-01,413402.0,Historik
September_11_attacks,2018-12-01,370938.0,Historik
September_11_attacks,2019-01-01,419782.0,Historik
September_11_attacks,2019-02-01,429928.0,Historik
September_11_attacks,2019-03-01,479950.0,Historik
September_11_attacks,2019-04-01,461421.0,Historik
September_11_attacks,2019-05-01,458441.0,Historik
September_11_attacks,2019-06-01,387340.0,Historik
September_11_attacks,2019-07-01,403051.0,Historik
September_11_attacks,2019-08-01,440470.0,Historik
September_11_attacks,2019-09-01,2449302.0,Historik
September_11_attacks,2019-10-01,456913.0,Historik
September_11_attacks,2019-11-01,413303.0,Historik
September_11_attacks,2019-12-01,407252.0,Historik
September_11_attacks,2020-01-01,490392.0,Historik
September_11_attacks,2020-02-01,416859.0,Historik
September_11_attacks,2020-03-01,457711.0,Historik
September_11_attacks,2020-04-01,559694.0,Historik
September_11_attacks,2020-05-01,508196.0,Historik
September_11_attacks,2020-06-01,358295.0,Historik
September_11_attacks,2020-07-01,357433.0,Historik
September_11_attacks,2020-08-01,465247.0,Historik
September_11_attacks,2020-09-01,2075164.0,Historik
September_11_attacks,2020-10-01,369754.0,Historik
September_11_attacks,2020-11-01,396569.0,Historik
September_11_attacks,2020-12-01,375011.0,Historik
September_11_attacks,2021-01-01,440472.0,Historik
September_11_attacks,2021-02-01,376289.0,Historik
September_11_attacks,2021-03-01,443800.0,Historik
September_11_attacks,2021-04-01,440853.0,Historik
September_11_attacks,2021-05-01,495307.0,Historik
September_11_attacks,2021-06-01,424182.0,Historik
September_11_attacks,2021-07-01,416141.0,Historik
September_11_attacks,2021-08-01,1057011.0,Historik
September_11_attacks,2021-09-01,4138753.0,Historik
September_11_attacks,2021-10-01,360832.0,Historik
September_11_attacks,2021-11-01,314639.0,Historik
September_11_attacks,2021-12-01,294085.0,Historik
September_11_attacks,2022-01-01,346941.0,Historik
September_11_attacks,2022-02-01,331985.0,Historik
September_11_attacks,2022-03-01,362760.0,Historik
September_11_attacks,2022-04-01,344298.0,Historik
September_11_attacks,2022-05-01,376496.0,Historik
September_11_attacks,2022-06-01,342942.0,Historik
September_11_attacks,2022-07-01,374821.0,Historik
September_11_attacks,2022-08-01,503803.0,Historik
September_11_attacks,2022-09-01,1195421.0,Historik
September_11_attacks,2022-10-01,394426.0,Historik
September_11_attacks,2022-11-01,390779.0,Historik
September_11_attacks,2022-12-01,352313.0,Historik
September_11_attacks,2023-01-01,409395.0,Historik
September_11_attacks,2023-02-01,399161.0,Historik
September_11_attacks,2023-03-01,507880.0,Historik
September_11_attacks,2023-04-01,469037.0,Historik
September_11_attacks,2023-05-01,500392.0,Historik
September_11_attacks,2023-06-01,454489.0,Historik
September_11_attacks,2023-07-01,478412.0,Historik
September_11_attacks,2023-08-01,540164.0,Historik
September_11_attacks,2023-09-01,2280589.0,Historik
September_11_attacks,2023-10-01,563402.0,Historik
September_11_attacks,2023-11-01,441961.0,Historik
September_11_attacks,2023-12-01,447256.0,Historik
September_11_attacks,2024-01-01,520539.0,Historik
September_11_attacks,2024-02-01,443566.0,Historik
September_11_attacks,2024-03-01,511008.0,Historik
September_11_attacks,2024-04-01,505221.0,Historik
September_11_attacks,2024-05-01,645909.0,Historik
September_11_attacks,2024-06-01,654748.0,Historik
September_11_attacks,2024-07-01,578238.0,Historik
September_11_attacks,2024-08-01,579252.0,Historik
September_11_attacks,2024-09-01,1912763.0,Historik
September_11_attacks,2024-10-01,521969.0,Historik
September_11_attacks,2024-11-01,475936.0,Historik
September_11_attacks,2024-12-01,451303.0,Historik
September_11_attacks,2025-01-01,469956.0,Historik
September_11_attacks,2025-02-01,375743.0,Historik
September_11_attacks,2025-03-01,452535.0,Historik
September_11_attacks,2025-04-01,488415.0,Historik
September_11_attacks,2025-05-01,755520.0,Historik
September_11_attacks,2025-06-01,660360.0,Historik
September_11_attacks,2025-07-01,499192.0,Historik
September_11_attacks,2025-08-01,586361.0,Historik
September_11_attacks,2025-09-01,1684840.0,Historik
September_11_attacks,2025-10-01,556949.0,Historik
September_11_attacks,2025-11-01,509044.0,Historik
September_11_attacks,2025-12-01,452500.0,Historik
September_11_attacks,2026-01-01,589379.8712169322,Parashikim 2026
September_11_attacks,2026-02-01,592017.7239376773,Parashikim 2026
September_11_attacks,2026-03-01,592068.5587822347,Parashikim 2026
September_11_attacks,2026-04-01,592069.5384356477,Parashikim 2026
September_11_attacks,2026-05-01,592069.5573148401,Parashikim 2026
September_11_attacks,2026-06-01,592069.5576786667,Parashikim 2026
September_11_attacks,2026-07-01,592069.5576856781,Parashikim 2026
September_11_attacks,2026-08-01,592069.5576858133,Parashikim 2026
September_11_attacks,2026-09-01,592069.5576858158,Parashikim 2026
September_11_attacks,2026-10-01,592069.5576858158,Parashikim 2026
September_11_attacks,2026-11-01,592069.5576858158,Parashikim 2026
September_11_attacks,2026-12-01,592069.5576858158,Parashikim 2026
The_Holocaust,2015-07-01,242612.0,Historik
The_Holocaust,2015-08-01,228427.0,Historik
The_Holocaust,2015-09-01,247436.0,Historik
The_Holocaust,2015-10-01,269273.0,Historik
The_Holocaust,2015-11-01,293821.0,Historik
The_Holocaust,2015-12-01,260158.0,Historik
The_Holocaust,2016-01-01,350094.0,Historik
The_Holocaust,2016-02-01,307451.0,Historik
The_Holocaust,2016-03-01,334660.0,Historik
The_Holocaust,2016-04-01,333106.0,Historik
The_Holocaust,2016-05-01,397824.0,Historik
The_Holocaust,2016-06-01,251199.0,Historik
The_Holocaust,2016-07-01,247979.0,Historik
The_Holocaust,2016-08-01,207235.0,Historik
The_Holocaust,2016-09-01,251959.0,Historik
The_Holocaust,2016-10-01,275565.0,Historik
The_Holocaust,2016-11-01,318973.0,Historik
The_Holocaust,2016-12-01,314235.0,Historik
The_Holocaust,2017-01-01,452635.0,Historik
The_Holocaust,2017-02-01,371475.0,Historik
The_Holocaust,2017-03-01,366725.0,Historik
The_Holocaust,2017-04-01,427027.0,Historik
The_Holocaust,2017-05-01,371727.0,Historik
The_Holocaust,2017-06-01,253135.0,Historik
The_Holocaust,2017-07-01,252461.0,Historik
The_Holocaust,2017-08-01,333421.0,Historik
The_Holocaust,2017-09-01,302789.0,Historik
The_Holocaust,2017-10-01,314526.0,Historik
The_Holocaust,2017-11-01,310836.0,Historik
The_Holocaust,2017-12-01,295397.0,Historik
The_Holocaust,2018-01-01,377112.0,Historik
The_Holocaust,2018-02-01,324065.0,Historik
The_Holocaust,2018-03-01,359479.0,Historik
The_Holocaust,2018-04-01,393478.0,Historik
The_Holocaust,2018-05-01,334229.0,Historik
The_Holocaust,2018-06-01,281117.0,Historik
The_Holocaust,2018-07-01,236577.0,Historik
The_Holocaust,2018-08-01,357487.0,Historik
The_Holocaust,2018-09-01,315733.0,Historik
The_Holocaust,2018-10-01,318433.0,Historik
The_Holocaust,2018-11-01,337612.0,Historik
The_Holocaust,2018-12-01,306013.0,Historik
The_Holocaust,2019-01-01,426268.0,Historik
The_Holocaust,2019-02-01,339694.0,Historik
The_Holocaust,2019-03-01,362762.0,Historik
The_Holocaust,2019-04-01,365351.0,Historik
The_Holocaust,2019-05-01,403196.0,Historik
The_Holocaust,2019-06-01,289528.0,Historik
The_Holocaust,2019-07-01,270383.0,Historik
The_Holocaust,2019-08-01,251714.0,Historik
The_Holocaust,2019-09-01,274529.0,Historik
The_Holocaust,2019-10-01,306721.0,Historik
The_Holocaust,2019-11-01,401622.0,Historik
The_Holocaust,2019-12-01,317455.0,Historik
The_Holocaust,2020-01-01,498615.0,Historik
The_Holocaust,2020-02-01,367390.0,Historik
The_Holocaust,2020-03-01,385016.0,Historik
The_Holocaust,2020-04-01,452487.0,Historik
The_Holocaust,2020-05-01,360562.0,Historik
The_Holocaust,2020-06-01,320382.0,Historik
The_Holocaust,2020-07-01,320707.0,Historik
The_Holocaust,2020-08-01,270791.0,Historik
The_Holocaust,2020-09-01,329602.0,Historik
The_Holocaust,2020-10-01,360460.0,Historik
The_Holocaust,2020-11-01,349906.0,Historik
The_Holocaust,2020-12-01,298000.0,Historik
The_Holocaust,2021-01-01,451868.0,Historik
The_Holocaust,2021-02-01,356930.0,Historik
The_Holocaust,2021-03-01,365740.0,Historik
The_Holocaust,2021-04-01,427671.0,Historik
The_Holocaust,2021-05-01,521648.0,Historik
The_Holocaust,2021-06-01,309870.0,Historik
The_Holocaust,2021-07-01,245994.0,Historik
The_Holocaust,2021-08-01,248455.0,Historik
The_Holocaust,2021-09-01,262309.0,Historik
The_Holocaust,2021-10-01,261408.0,Historik
The_Holocaust,2021-11-01,250716.0,Historik
The_Holocaust,2021-12-01,242339.0,Historik
The_Holocaust,2022-01-01,375864.0,Historik
The_Holocaust,2022-02-01,444354.0,Historik
The_Holocaust,2022-03-01,372648.0,Historik
The_Holocaust,2022-04-01,272755.0,Historik
The_Holocaust,2022-05-01,252306.0,Historik
The_Holocaust,2022-06-01,199919.0,Historik
The_Holocaust,2022-07-01,187393.0,Historik
The_Holocaust,2022-08-01,204455.0,Historik
The_Holocaust,2022-09-01,223594.0,Historik
The_Holocaust,2022-10-01,244752.0,Historik
The_Holocaust,2022-11-01,279056.0,Historik
The_Holocaust,2022-12-01,293679.0,Historik
The_Holocaust,2023-01-01,351486.0,Historik
The_Holocaust,2023-02-01,262704.0,Historik
The_Holocaust,2023-03-01,318998.0,Historik
The_Holocaust,2023-04-01,300810.0,Historik
The_Holocaust,2023-05-01,293464.0,Historik
The_Holocaust,2023-06-01,233459.0,Historik
The_Holocaust,2023-07-01,290898.0,Historik
The_Holocaust,2023-08-01,254897.0,Historik
The_Holocaust,2023-09-01,248262.0,Historik
The_Holocaust,2023-10-01,585505.0,Historik
The_Holocaust,2023-11-01,405785.0,Historik
The_Holocaust,2023-12-01,310789.0,Historik
The_Holocaust,2024-01-01,372399.0,Historik
The_Holocaust,2024-02-01,284146.0,Historik
The_Holocaust,2024-03-01,309084.0,Historik
The_Holocaust,2024-04-01,395718.0,Historik
The_Holocaust,2024-05-01,654143.0,Historik
The_Holocaust,2024-06-01,427146.0,Historik
The_Holocaust,2024-07-01,364562.0,Historik
The_Holocaust,2024-08-01,401976.0,Historik
The_Holocaust,2024-09-01,462791.0,Historik
The_Holocaust,2024-10-01,539840.0,Historik
The_Holocaust,2024-11-01,1799134.0,Historik
The_Holocaust,2024-12-01,439807.0,Historik
The_Holocaust,2025-01-01,692665.0,Historik
The_Holocaust,2025-02-01,536272.0,Historik
The_Holocaust,2025-03-01,502048.0,Historik
The_Holocaust,2025-04-01,499833.0,Historik
The_Holocaust,2025-05-01,542057.0,Historik
The_Holocaust,2025-06-01,527846.0,Historik
The_Holocaust,2025-07-01,492823.0,Historik
The_Holocaust,2025-08-01,470534.0,Historik
The_Holocaust,2025-09-01,534434.0,Historik
The_Holocaust,2025-10-01,525136.0,Historik
The_Holocaust,2025-11-01,549819.0,Historik
The_Holocaust,2025-12-01,479617.0,Historik
The_Holocaust,2026-01-01,525635.0432971007,Parashikim 2026
The_Holocaust,2026-02-01,527732.3361839065,Parashikim 2026
The_Holocaust,2026-03-01,527827.9212444152,Parashikim 2026
The_Holocaust,2026-04-01,527832.2775762609,Parashikim 2026
The_Holocaust,2026-05-01,527832.4761180314,Parashikim 2026
The_Holocaust,2026-06-01,527832.4851666613,Parashikim 2026
The_Holocaust,2026-07-01,527832.4855790567,Parashikim 2026
The_Holocaust,2026-08-01,527832.4855978518,Parashikim 2026
The_Holocaust,2026-09-01,527832.4855987084,Parashikim 2026
The_Holocaust,2026-10-01,527832.4855987474,Parashikim 2026
The_Holocaust,2026-11-01,527832.4855987491,Parashikim 2026
The_Holocaust,2026-12-01,527832.4855987492,Parashikim 2026
The_Metamorphosis,2015-07-01,42804.0,Historik
The_Metamorphosis,2015-08-01,43830.0,Historik
The_Metamorphosis,2015-09-01,48979.0,Historik
The_Metamorphosis,2015-10-01,55574.0,Historik
The_Metamorphosis,2015-11-01,51544.0,Historik
The_Metamorphosis,2015-12-01,46177.0,Historik
The_Metamorphosis,2016-01-01,50478.0,Historik
The_Metamorphosis,2016-02-01,67360.0,Historik
The_Metamorphosis,2016-03-01,62179.0,Historik
The_Metamorphosis,2016-04-01,58763.0,Historik
The_Metamorphosis,2016-05-01,62594.0,Historik
The_Metamorphosis,2016-06-01,62438.0,Historik
The_Metamorphosis,2016-07-01,56066.0,Historik
The_Metamorphosis,2016-08-01,53844.0,Historik
The_Metamorphosis,2016-09-01,53083.0,Historik
The_Metamorphosis,2016-10-01,54087.0,Historik
The_Metamorphosis,2016-11-01,59090.0,Historik
The_Metamorphosis,2016-12-01,55385.0,Historik
The_Metamorphosis,2017-01-01,57533.0,Historik
The_Metamorphosis,2017-02-01,55629.0,Historik
The_Metamorphosis,2017-03-01,62350.0,Historik
The_Metamorphosis,2017-04-01,57009.0,Historik
The_Metamorphosis,2017-05-01,57624.0,Historik
The_Metamorphosis,2017-06-01,47478.0,Historik
The_Metamorphosis,2017-07-01,47297.0,Historik
The_Metamorphosis,2017-08-01,60464.0,Historik
The_Metamorphosis,2017-09-01,61271.0,Historik
The_Metamorphosis,2017-10-01,57592.0,Historik
The_Metamorphosis,2017-11-01,53715.0,Historik
The_Metamorphosis,2017-12-01,47936.0,Historik
The_Metamorphosis,2018-01-01,53867.0,Historik
The_Metamorphosis,2018-02-01,52241.0,Historik
The_Metamorphosis,2018-03-01,59997.0,Historik
The_Metamorphosis,2018-04-01,63055.0,Historik
The_Metamorphosis,2018-05-01,62725.0,Historik
The_Metamorphosis,2018-06-01,48830.0,Historik
The_Metamorphosis,2018-07-01,56698.0,Historik
The_Metamorphosis,2018-08-01,56221.0,Historik
The_Metamorphosis,2018-09-01,59425.0,Historik
The_Metamorphosis,2018-10-01,68584.0,Historik
The_Metamorphosis,2018-11-01,63586.0,Historik
The_Metamorphosis,2018-12-01,57057.0,Historik
The_Metamorphosis,2019-01-01,63715.0,Historik
The_Metamorphosis,2019-02-01,59229.0,Historik
The_Metamorphosis,2019-03-01,63192.0,Historik
The_Metamorphosis,2019-04-01,59663.0,Historik
The_Metamorphosis,2019-05-01,56461.0,Historik
The_Metamorphosis,2019-06-01,50736.0,Historik
The_Metamorphosis,2019-07-01,65917.0,Historik
The_Metamorphosis,2019-08-01,53674.0,Historik
The_Metamorphosis,2019-09-01,60336.0,Historik
The_Metamorphosis,2019-10-01,63429.0,Historik
The_Metamorphosis,2019-11-01,59008.0,Historik
The_Metamorphosis,2019-12-01,56374.0,Historik
The_Metamorphosis,2020-01-01,65510.0,Historik
The_Metamorphosis,2020-02-01,62700.0,Historik
The_Metamorphosis,2020-03-01,68454.0,Historik
The_Metamorphosis,2020-04-01,94430.0,Historik
The_Metamorphosis,2020-05-01,80926.0,Historik
The_Metamorphosis,2020-06-01,66231.0,Historik
The_Metamorphosis,2020-07-01,69064.0,Historik
The_Metamorphosis,2020-08-01,79463.0,Historik
The_Metamorphosis,2020-09-01,72105.0,Historik
The_Metamorphosis,2020-10-01,78670.0,Historik
The_Metamorphosis,2020-11-01,71323.0,Historik
The_Metamorphosis,2020-12-01,83988.0,Historik
The_Metamorphosis,2021-01-01,80922.0,Historik
The_Metamorphosis,2021-02-01,78233.0,Historik
The_Metamorphosis,2021-03-01,91328.0,Historik
The_Metamorphosis,2021-04-01,79263.0,Historik
The_Metamorphosis,2021-05-01,73284.0,Historik
The_Metamorphosis,2021-06-01,105757.0,Historik
The_Metamorphosis,2021-07-01,78087.0,Historik
The_Metamorphosis,2021-08-01,78456.0,Historik
The_Metamorphosis,2021-09-01,77797.0,Historik
The_Metamorphosis,2021-10-01,88780.0,Historik
The_Metamorphosis,2021-11-01,73788.0,Historik
The_Metamorphosis,2021-12-01,70478.0,Historik
The_Metamorphosis,2022-01-01,83287.0,Historik
The_Metamorphosis,2022-02-01,77673.0,Historik
The_Metamorphosis,2022-03-01,85868.0,Historik
The_Metamorphosis,2022-04-01,78824.0,Historik
The_Metamorphosis,2022-05-01,77244.0,Historik
The_Metamorphosis,2022-06-01,69972.0,Historik
The_Metamorphosis,2022-07-01,66273.0,Historik
The_Metamorphosis,2022-08-01,76573.0,Historik
The_Metamorphosis,2022-09-01,77118.0,Historik
The_Metamorphosis,2022-10-01,78156.0,Historik
The_Metamorphosis,2022-11-01,83492.0,Historik
The_Metamorphosis,2022-12-01,69889.0,Historik
The_Metamorphosis,2023-01-01,82757.0,Historik
The_Metamorphosis,2023-02-01,85149.0,Historik
The_Metamorphosis,2023-03-01,105316.0,Historik
The_Metamorphosis,2023-04-01,91380.0,Historik
The_Metamorphosis,2023-05-01,102016.0,Historik
The_Metamorphosis,2023-06-01,80806.0,Historik
The_Metamorphosis,2023-07-01,87744.0,Historik
The_Metamorphosis,2023-08-01,85799.0,Historik
The_Metamorphosis,2023-09-01,101088.0,Historik
The_Metamorphosis,2023-10-01,103360.0,Historik
The_Metamorphosis,2023-11-01,93023.0,Historik
The_Metamorphosis,2023-12-01,117328.0,Historik
The_Metamorphosis,2024-01-01,158427.0,Historik
The_Metamorphosis,2024-02-01,112980.0,Historik
The_Metamorphosis,2024-03-01,108910.0,Historik
The_Metamorphosis,2024-04-01,117126.0,Historik
The_Metamorphosis,2024-05-01,100397.0,Historik
The_Metamorphosis,2024-06-01,88287.0,Historik
The_Metamorphosis,2024-07-01,84490.0,Historik
The_Metamorphosis,2024-08-01,81684.0,Historik
The_Metamorphosis,2024-09-01,82975.0,Historik
The_Metamorphosis,2024-10-01,91489.0,Historik
The_Metamorphosis,2024-11-01,82168.0,Historik
The_Metamorphosis,2024-12-01,84440.0,Historik
The_Metamorphosis,2025-01-01,89810.0,Historik
The_Metamorphosis,2025-02-01,78782.0,Historik
The_Metamorphosis,2025-03-01,86554.0,Historik
The_Metamorphosis,2025-04-01,85430.0,Historik
The_Metamorphosis,2025-05-01,87522.0,Historik
The_Metamorphosis,2025-06-01,83366.0,Historik
The_Metamorphosis,2025-07-01,70742.0,Historik
The_Metamorphosis,2025-08-01,73979.0,Historik
The_Metamorphosis,2025-09-01,79792.0,Historik
The_Metamorphosis,2025-10-01,86252.0,Historik
The_Metamorphosis,2025-11-01,80941.0,Historik
The_Metamorphosis,2025-12-01,91308.0,Historik
The_Metamorphosis,2026-01-01,87192.21725692524,Parashikim 2026
The_Metamorphosis,2026-02-01,86287.74910772059,Parashikim 2026
The_Metamorphosis,2026-03-01,86088.98676189412,Parashikim 2026
The_Metamorphosis,2026-04-01,86045.30753432466,Parashikim 2026
The_Metamorphosis,2026-05-01,86035.70875990322,Parashikim 2026
The_Metamorphosis,2026-06-01,86033.59937117268,Parashikim 2026
The_Metamorphosis,2026-07-01,86033.135820242,Parashikim 2026
The_Metamorphosis,2026-08-01,86033.03395212152,Parashikim 2026
The_Metamorphosis,2026-09-01,86033.01156598597,Parashikim 2026
The_Metamorphosis,2026-10-01,86033.00664649729,Parashikim 2026
The_Metamorphosis,2026-11-01,86033.0055654099,Parashikim 2026
The_Metamorphosis,2026-12-01,86033.00532783441,Parashikim 2026
The_Persistence_of_Memory,2015-07-01,38765.0,Historik
The_Persistence_of_Memory,2015-08-01,39969.0,Historik
The_Persistence_of_Memory,2015-09-01,47952.0,Historik
The_Persistence_of_Memory,2015-10-01,49501.0,Historik
The_Persistence_of_Memory,2015-11-01,59669.0,Historik
The_Persistence_of_Memory,2015-12-01,51704.0,Historik
The_Persistence_of_Memory,2016-01-01,46927.0,Historik
The_Persistence_of_Memory,2016-02-01,50032.0,Historik
The_Persistence_of_Memory,2016-03-01,53111.0,Historik
The_Persistence_of_Memory,2016-04-01,50141.0,Historik
The_Persistence_of_Memory,2016-05-01,53546.0,Historik
The_Persistence_of_Memory,2016-06-01,39290.0,Historik
The_Persistence_of_Memory,2016-07-01,35402.0,Historik
The_Persistence_of_Memory,2016-08-01,34926.0,Historik
The_Persistence_of_Memory,2016-09-01,44266.0,Historik
The_Persistence_of_Memory,2016-10-01,48786.0,Historik
The_Persistence_of_Memory,2016-11-01,48639.0,Historik
The_Persistence_of_Memory,2016-12-01,43764.0,Historik
The_Persistence_of_Memory,2017-01-01,46197.0,Historik
The_Persistence_of_Memory,2017-02-01,47135.0,Historik
The_Persistence_of_Memory,2017-03-01,56339.0,Historik
The_Persistence_of_Memory,2017-04-01,50447.0,Historik
The_Persistence_of_Memory,2017-05-01,60362.0,Historik
The_Persistence_of_Memory,2017-06-01,50894.0,Historik
The_Persistence_of_Memory,2017-07-01,55721.0,Historik
The_Persistence_of_Memory,2017-08-01,39686.0,Historik
The_Persistence_of_Memory,2017-09-01,49854.0,Historik
The_Persistence_of_Memory,2017-10-01,49070.0,Historik
The_Persistence_of_Memory,2017-11-01,47990.0,Historik
The_Persistence_of_Memory,2017-12-01,40464.0,Historik
The_Persistence_of_Memory,2018-01-01,47866.0,Historik
The_Persistence_of_Memory,2018-02-01,43841.0,Historik
The_Persistence_of_Memory,2018-03-01,49434.0,Historik
The_Persistence_of_Memory,2018-04-01,49008.0,Historik
The_Persistence_of_Memory,2018-05-01,54548.0,Historik
The_Persistence_of_Memory,2018-06-01,40940.0,Historik
The_Persistence_of_Memory,2018-07-01,40989.0,Historik
The_Persistence_of_Memory,2018-08-01,40914.0,Historik
The_Persistence_of_Memory,2018-09-01,49137.0,Historik
The_Persistence_of_Memory,2018-10-01,51714.0,Historik
The_Persistence_of_Memory,2018-11-01,52134.0,Historik
The_Persistence_of_Memory,2018-12-01,43542.0,Historik
The_Persistence_of_Memory,2019-01-01,49331.0,Historik
The_Persistence_of_Memory,2019-02-01,48466.0,Historik
The_Persistence_of_Memory,2019-03-01,48762.0,Historik
The_Persistence_of_Memory,2019-04-01,48523.0,Historik
The_Persistence_of_Memory,2019-05-01,46414.0,Historik
The_Persistence_of_Memory,2019-06-01,39450.0,Historik
The_Persistence_of_Memory,2019-07-01,38614.0,Historik
The_Persistence_of_Memory,2019-08-01,40231.0,Historik
The_Persistence_of_Memory,2019-09-01,44875.0,Historik
The_Persistence_of_Memory,2019-10-01,47727.0,Historik
The_Persistence_of_Memory,2019-11-01,45585.0,Historik
The_Persistence_of_Memory,2019-12-01,39748.0,Historik
The_Persistence_of_Memory,2020-01-01,47965.0,Historik
The_Persistence_of_Memory,2020-02-01,44723.0,Historik
The_Persistence_of_Memory,2020-03-01,52909.0,Historik
The_Persistence_of_Memory,2020-04-01,63798.0,Historik
The_Persistence_of_Memory,2020-05-01,63886.0,Historik
The_Persistence_of_Memory,2020-06-01,36870.0,Historik
The_Persistence_of_Memory,2020-07-01,36389.0,Historik
The_Persistence_of_Memory,2020-08-01,36702.0,Historik
The_Persistence_of_Memory,2020-09-01,45773.0,Historik
The_Persistence_of_Memory,2020-10-01,50709.0,Historik
The_Persistence_of_Memory,2020-11-01,46827.0,Historik
The_Persistence_of_Memory,2020-12-01,42465.0,Historik
The_Persistence_of_Memory,2021-01-01,45772.0,Historik
The_Persistence_of_Memory,2021-02-01,43433.0,Historik
The_Persistence_of_Memory,2021-03-01,51386.0,Historik
The_Persistence_of_Memory,2021-04-01,48023.0,Historik
The_Persistence_of_Memory,2021-05-01,46363.0,Historik
The_Persistence_of_Memory,2021-06-01,37825.0,Historik
The_Persistence_of_Memory,2021-07-01,34823.0,Historik
The_Persistence_of_Memory,2021-08-01,37417.0,Historik
The_Persistence_of_Memory,2021-09-01,43171.0,Historik
The_Persistence_of_Memory,2021-10-01,44356.0,Historik
The_Persistence_of_Memory,2021-11-01,42786.0,Historik
The_Persistence_of_Memory,2021-12-01,39561.0,Historik
The_Persistence_of_Memory,2022-01-01,42484.0,Historik
The_Persistence_of_Memory,2022-02-01,37569.0,Historik
The_Persistence_of_Memory,2022-03-01,47302.0,Historik
The_Persistence_of_Memory,2022-04-01,39276.0,Historik
The_Persistence_of_Memory,2022-05-01,42237.0,Historik
The_Persistence_of_Memory,2022-06-01,33014.0,Historik
The_Persistence_of_Memory,2022-07-01,33988.0,Historik
The_Persistence_of_Memory,2022-08-01,40388.0,Historik
The_Persistence_of_Memory,2022-09-01,46885.0,Historik
The_Persistence_of_Memory,2022-10-01,45892.0,Historik
The_Persistence_of_Memory,2022-11-01,48099.0,Historik
The_Persistence_of_Memory,2022-12-01,38196.0,Historik
The_Persistence_of_Memory,2023-01-01,50098.0,Historik
The_Persistence_of_Memory,2023-02-01,45922.0,Historik
The_Persistence_of_Memory,2023-03-01,55042.0,Historik
The_Persistence_of_Memory,2023-04-01,46645.0,Historik
The_Persistence_of_Memory,2023-05-01,52396.0,Historik
The_Persistence_of_Memory,2023-06-01,44708.0,Historik
The_Persistence_of_Memory,2023-07-01,43517.0,Historik
The_Persistence_of_Memory,2023-08-01,46468.0,Historik
The_Persistence_of_Memory,2023-09-01,48835.0,Historik
The_Persistence_of_Memory,2023-10-01,52460.0,Historik
The_Persistence_of_Memory,2023-11-01,47281.0,Historik
The_Persistence_of_Memory,2023-12-01,51103.0,Historik
The_Persistence_of_Memory,2024-01-01,63654.0,Historik
The_Persistence_of_Memory,2024-02-01,52400.0,Historik
The_Persistence_of_Memory,2024-03-01,60263.0,Historik
The_Persistence_of_Memory,2024-04-01,54078.0,Historik
The_Persistence_of_Memory,2024-05-01,48189.0,Historik
The_Persistence_of_Memory,2024-06-01,42385.0,Historik
The_Persistence_of_Memory,2024-07-01,44637.0,Historik
The_Persistence_of_Memory,2024-08-01,42593.0,Historik
The_Persistence_of_Memory,2024-09-01,47462.0,Historik
The_Persistence_of_Memory,2024-10-01,45090.0,Historik
The_Persistence_of_Memory,2024-11-01,48004.0,Historik
The_Persistence_of_Memory,2024-12-01,43858.0,Historik
The_Persistence_of_Memory,2025-01-01,97962.0,Historik
The_Persistence_of_Memory,2025-02-01,42346.0,Historik
The_Persistence_of_Memory,2025-03-01,52314.0,Historik
The_Persistence_of_Memory,2025-04-01,53907.0,Historik
The_Persistence_of_Memory,2025-05-01,41487.0,Historik
The_Persistence_of_Memory,2025-06-01,35293.0,Historik
The_Persistence_of_Memory,2025-07-01,47366.0,Historik
The_Persistence_of_Memory,2025-08-01,39965.0,Historik
The_Persistence_of_Memory,2025-09-01,41716.0,Historik
The_Persistence_of_Memory,2025-10-01,42024.0,Historik
The_Persistence_of_Memory,2025-11-01,38719.0,Historik
The_Persistence_of_Memory,2025-12-01,33763.0,Historik
The_Persistence_of_Memory,2026-01-01,41502.750505154574,Parashikim 2026
The_Persistence_of_Memory,2026-02-01,44293.3680384319,Parashikim 2026
The_Persistence_of_Memory,2026-03-01,45299.54339406493,Parashikim 2026
The_Persistence_of_Memory,2026-04-01,45662.326482112934,Parashikim 2026
The_Persistence_of_Memory,2026-05-01,45793.13029104825,Parashikim 2026
The_Persistence_of_Memory,2026-06-01,45840.29245763117,Parashikim 2026
The_Persistence_of_Memory,2026-07-01,45857.29708444518,Parashikim 2026
The_Persistence_of_Memory,2026-08-01,45863.428213569096,Parashikim 2026
The_Persistence_of_Memory,2026-09-01,45865.63883216986,Parashikim 2026
The_Persistence_of_Memory,2026-10-01,45866.43588512688,Parashikim 2026
The_Persistence_of_Memory,2026-11-01,45866.723267769936,Parashikim 2026
The_Persistence_of_Memory,2026-12-01,45866.82688545657,Parashikim 2026
The_Starry_Night,2015-07-01,77940.0,Historik
The_Starry_Night,2015-08-01,83849.0,Historik
The_Starry_Night,2015-09-01,101130.0,Historik
The_Starry_Night,2015-10-01,99928.0,Historik
The_Starry_Night,2015-11-01,99758.0,Historik
The_Starry_Night,2015-12-01,92772.0,Historik
The_Starry_Night,2016-01-01,106511.0,Historik
The_Starry_Night,2016-02-01,106965.0,Historik
The_Starry_Night,2016-03-01,111318.0,Historik
The_Starry_Night,2016-04-01,100445.0,Historik
The_Starry_Night,2016-05-01,100948.0,Historik
The_Starry_Night,2016-06-01,97943.0,Historik
The_Starry_Night,2016-07-01,80510.0,Historik
The_Starry_Night,2016-08-01,82356.0,Historik
The_Starry_Night,2016-09-01,101250.0,Historik
The_Starry_Night,2016-10-01,114566.0,Historik
The_Starry_Night,2016-11-01,103367.0,Historik
The_Starry_Night,2016-12-01,96633.0,Historik
The_Starry_Night,2017-01-01,112830.0,Historik
The_Starry_Night,2017-02-01,95954.0,Historik
The_Starry_Night,2017-03-01,108290.0,Historik
The_Starry_Night,2017-04-01,92612.0,Historik
The_Starry_Night,2017-05-01,100384.0,Historik
The_Starry_Night,2017-06-01,76469.0,Historik
The_Starry_Night,2017-07-01,75178.0,Historik
The_Starry_Night,2017-08-01,81840.0,Historik
The_Starry_Night,2017-09-01,92425.0,Historik
The_Starry_Night,2017-10-01,109660.0,Historik
The_Starry_Night,2017-11-01,114273.0,Historik
The_Starry_Night,2017-12-01,111781.0,Historik
The_Starry_Night,2018-01-01,114821.0,Historik
The_Starry_Night,2018-02-01,107198.0,Historik
The_Starry_Night,2018-03-01,119686.0,Historik
The_Starry_Night,2018-04-01,115792.0,Historik
The_Starry_Night,2018-05-01,120535.0,Historik
The_Starry_Night,2018-06-01,97338.0,Historik
The_Starry_Night,2018-07-01,87830.0,Historik
The_Starry_Night,2018-08-01,95471.0,Historik
The_Starry_Night,2018-09-01,102630.0,Historik
The_Starry_Night,2018-10-01,104181.0,Historik
The_Starry_Night,2018-11-01,104207.0,Historik
The_Starry_Night,2018-12-01,95090.0,Historik
The_Starry_Night,2019-01-01,109508.0,Historik
The_Starry_Night,2019-02-01,118124.0,Historik
The_Starry_Night,2019-03-01,121641.0,Historik
The_Starry_Night,2019-04-01,106339.0,Historik
The_Starry_Night,2019-05-01,114990.0,Historik
The_Starry_Night,2019-06-01,99914.0,Historik
The_Starry_Night,2019-07-01,88498.0,Historik
The_Starry_Night,2019-08-01,93156.0,Historik
The_Starry_Night,2019-09-01,127492.0,Historik
The_Starry_Night,2019-10-01,217618.0,Historik
The_Starry_Night,2019-11-01,102158.0,Historik
The_Starry_Night,2019-12-01,92860.0,Historik
The_Starry_Night,2020-01-01,98849.0,Historik
The_Starry_Night,2020-02-01,99162.0,Historik
The_Starry_Night,2020-03-01,114715.0,Historik
The_Starry_Night,2020-04-01,141356.0,Historik
The_Starry_Night,2020-05-01,121828.0,Historik
The_Starry_Night,2020-06-01,175342.0,Historik
The_Starry_Night,2020-07-01,95879.0,Historik
The_Starry_Night,2020-08-01,90984.0,Historik
The_Starry_Night,2020-09-01,103961.0,Historik
The_Starry_Night,2020-10-01,139817.0,Historik
The_Starry_Night,2020-11-01,116345.0,Historik
The_Starry_Night,2020-12-01,100274.0,Historik
The_Starry_Night,2021-01-01,100703.0,Historik
The_Starry_Night,2021-02-01,120701.0,Historik
The_Starry_Night,2021-03-01,117487.0,Historik
The_Starry_Night,2021-04-01,129413.0,Historik
The_Starry_Night,2021-05-01,95992.0,Historik
The_Starry_Night,2021-06-01,82498.0,Historik
The_Starry_Night,2021-07-01,84628.0,Historik
The_Starry_Night,2021-08-01,87755.0,Historik
The_Starry_Night,2021-09-01,101030.0,Historik
The_Starry_Night,2021-10-01,102658.0,Historik
The_Starry_Night,2021-11-01,111521.0,Historik
The_Starry_Night,2021-12-01,98968.0,Historik
The_Starry_Night,2022-01-01,108202.0,Historik
The_Starry_Night,2022-02-01,88582.0,Historik
The_Starry_Night,2022-03-01,102309.0,Historik
The_Starry_Night,2022-04-01,97164.0,Historik
The_Starry_Night,2022-05-01,110107.0,Historik
The_Starry_Night,2022-06-01,99685.0,Historik
The_Starry_Night,2022-07-01,106450.0,Historik
The_Starry_Night,2022-08-01,125664.0,Historik
The_Starry_Night,2022-09-01,155463.0,Historik
The_Starry_Night,2022-10-01,163828.0,Historik
The_Starry_Night,2022-11-01,164396.0,Historik
The_Starry_Night,2022-12-01,135848.0,Historik
The_Starry_Night,2023-01-01,156668.0,Historik
The_Starry_Night,2023-02-01,146333.0,Historik
The_Starry_Night,2023-03-01,171723.0,Historik
The_Starry_Night,2023-04-01,133449.0,Historik
The_Starry_Night,2023-05-01,150407.0,Historik
The_Starry_Night,2023-06-01,129458.0,Historik
The_Starry_Night,2023-07-01,133513.0,Historik
The_Starry_Night,2023-08-01,140370.0,Historik
The_Starry_Night,2023-09-01,152245.0,Historik
The_Starry_Night,2023-10-01,157693.0,Historik
The_Starry_Night,2023-11-01,136163.0,Historik
The_Starry_Night,2023-12-01,147820.0,Historik
The_Starry_Night,2024-01-01,201675.0,Historik
The_Starry_Night,2024-02-01,166055.0,Historik
The_Starry_Night,2024-03-01,166891.0,Historik
The_Starry_Night,2024-04-01,164214.0,Historik
The_Starry_Night,2024-05-01,134004.0,Historik
The_Starry_Night,2024-06-01,98771.0,Historik
The_Starry_Night,2024-07-01,101413.0,Historik
The_Starry_Night,2024-08-01,121467.0,Historik
The_Starry_Night,2024-09-01,147203.0,Historik
The_Starry_Night,2024-10-01,181096.0,Historik
The_Starry_Night,2024-11-01,138560.0,Historik
The_Starry_Night,2024-12-01,127518.0,Historik
The_Starry_Night,2025-01-01,144808.0,Historik
The_Starry_Night,2025-02-01,134370.0,Historik
The_Starry_Night,2025-03-01,153432.0,Historik
The_Starry_Night,2025-04-01,137164.0,Historik
The_Starry_Night,2025-05-01,129033.0,Historik
The_Starry_Night,2025-06-01,109010.0,Historik
The_Starry_Night,2025-07-01,97232.0,Historik
The_Starry_Night,2025-08-01,129994.0,Historik
The_Starry_Night,2025-09-01,137081.0,Historik
The_Starry_Night,2025-10-01,121659.0,Historik
The_Starry_Night,2025-11-01,112685.0,Historik
The_Starry_Night,2025-12-01,97218.0,Historik
The_Starry_Night,2026-01-01,110645.81576766243,Parashikim 2026
The_Starry_Night,2026-02-01,116897.61505281848,Parashikim 2026
The_Starry_Night,2026-03-01,119808.36353031876,Parashikim 2026
The_Starry_Night,2026-04-01,121163.56645875999,Parashikim 2026
The_Starry_Night,2026-05-01,121794.52959125054,Parashikim 2026
The_Starry_Night,2026-06-01,122088.29701619272,Parashikim 2026
The_Starry_Night,2026-07-01,122225.0709345301,Parashikim 2026
The_Starry_Night,2026-08-01,122288.75091790826,Parashikim 2026
The_Starry_Night,2026-09-01,122318.39940888033,Parashikim 2026
The_Starry_Night,2026-10-01,122332.20332292505,Parashikim 2026
The_Starry_Night,2026-11-01,122338.63022819768,Parashikim 2026
The_Starry_Night,2026-12-01,122341.62250352261,Parashikim 2026
Vincent_van_Gogh,2015-07-01,228509.0,Historik
Vincent_van_Gogh,2015-08-01,224211.0,Historik
Vincent_van_Gogh,2015-09-01,351728.0,Historik
Vincent_van_Gogh,2015-10-01,276565.0,Historik
Vincent_van_Gogh,2015-11-01,273195.0,Historik
Vincent_van_Gogh,2015-12-01,255988.0,Historik
Vincent_van_Gogh,2016-01-01,259882.0,Historik
Vincent_van_Gogh,2016-02-01,279060.0,Historik
Vincent_van_Gogh,2016-03-01,376030.0,Historik
Vincent_van_Gogh,2016-04-01,288422.0,Historik
Vincent_van_Gogh,2016-05-01,256937.0,Historik
Vincent_van_Gogh,2016-06-01,224319.0,Historik
Vincent_van_Gogh,2016-07-01,250890.0,Historik
Vincent_van_Gogh,2016-08-01,263984.0,Historik
Vincent_van_Gogh,2016-09-01,295698.0,Historik
Vincent_van_Gogh,2016-10-01,292191.0,Historik
Vincent_van_Gogh,2016-11-01,303869.0,Historik
Vincent_van_Gogh,2016-12-01,394522.0,Historik
Vincent_van_Gogh,2017-01-01,294873.0,Historik
Vincent_van_Gogh,2017-02-01,268388.0,Historik
Vincent_van_Gogh,2017-03-01,342429.0,Historik
Vincent_van_Gogh,2017-04-01,259513.0,Historik
Vincent_van_Gogh,2017-05-01,286422.0,Historik
Vincent_van_Gogh,2017-06-01,220523.0,Historik
Vincent_van_Gogh,2017-07-01,217379.0,Historik
Vincent_van_Gogh,2017-08-01,201779.0,Historik
Vincent_van_Gogh,2017-09-01,247989.0,Historik
Vincent_van_Gogh,2017-10-01,317645.0,Historik
Vincent_van_Gogh,2017-11-01,339154.0,Historik
Vincent_van_Gogh,2017-12-01,278604.0,Historik
Vincent_van_Gogh,2018-01-01,353182.0,Historik
Vincent_van_Gogh,2018-02-01,309491.0,Historik
Vincent_van_Gogh,2018-03-01,364382.0,Historik
Vincent_van_Gogh,2018-04-01,302198.0,Historik
Vincent_van_Gogh,2018-05-01,297373.0,Historik
Vincent_van_Gogh,2018-06-01,247583.0,Historik
Vincent_van_Gogh,2018-07-01,244734.0,Historik
Vincent_van_Gogh,2018-08-01,288701.0,Historik
Vincent_van_Gogh,2018-09-01,323475.0,Historik
Vincent_van_Gogh,2018-10-01,318864.0,Historik
Vincent_van_Gogh,2018-11-01,305215.0,Historik
Vincent_van_Gogh,2018-12-01,304691.0,Historik
Vincent_van_Gogh,2019-01-01,346536.0,Historik
Vincent_van_Gogh,2019-02-01,392558.0,Historik
Vincent_van_Gogh,2019-03-01,374669.0,Historik
Vincent_van_Gogh,2019-04-01,313185.0,Historik
Vincent_van_Gogh,2019-05-01,324609.0,Historik
Vincent_van_Gogh,2019-06-01,273346.0,Historik
Vincent_van_Gogh,2019-07-01,244143.0,Historik
Vincent_van_Gogh,2019-08-01,247033.0,Historik
Vincent_van_Gogh,2019-09-01,254387.0,Historik
Vincent_van_Gogh,2019-10-01,296422.0,Historik
Vincent_van_Gogh,2019-11-01,269473.0,Historik
Vincent_van_Gogh,2019-12-01,261353.0,Historik
Vincent_van_Gogh,2020-01-01,296827.0,Historik
Vincent_van_Gogh,2020-02-01,273934.0,Historik
Vincent_van_Gogh,2020-03-01,341491.0,Historik
Vincent_van_Gogh,2020-04-01,414471.0,Historik
Vincent_van_Gogh,2020-05-01,307082.0,Historik
Vincent_van_Gogh,2020-06-01,317810.0,Historik
Vincent_van_Gogh,2020-07-01,294546.0,Historik
Vincent_van_Gogh,2020-08-01,260827.0,Historik
Vincent_van_Gogh,2020-09-01,272225.0,Historik
Vincent_van_Gogh,2020-10-01,311125.0,Historik
Vincent_van_Gogh,2020-11-01,301853.0,Historik
Vincent_van_Gogh,2020-12-01,287800.0,Historik
Vincent_van_Gogh,2021-01-01,265113.0,Historik
Vincent_van_Gogh,2021-02-01,271914.0,Historik
Vincent_van_Gogh,2021-03-01,378393.0,Historik
Vincent_van_Gogh,2021-04-01,388123.0,Historik
Vincent_van_Gogh,2021-05-01,320775.0,Historik
Vincent_van_Gogh,2021-06-01,282774.0,Historik
Vincent_van_Gogh,2021-07-01,347757.0,Historik
Vincent_van_Gogh,2021-08-01,362307.0,Historik
Vincent_van_Gogh,2021-09-01,341164.0,Historik
Vincent_van_Gogh,2021-10-01,337930.0,Historik
Vincent_van_Gogh,2021-11-01,351401.0,Historik
Vincent_van_Gogh,2021-12-01,314116.0,Historik
Vincent_van_Gogh,2022-01-01,335171.0,Historik
Vincent_van_Gogh,2022-02-01,293171.0,Historik
Vincent_van_Gogh,2022-03-01,327652.0,Historik
Vincent_van_Gogh,2022-04-01,279786.0,Historik
Vincent_van_Gogh,2022-05-01,293553.0,Historik
Vincent_van_Gogh,2022-06-01,259302.0,Historik
Vincent_van_Gogh,2022-07-01,316807.0,Historik
Vincent_van_Gogh,2022-08-01,281708.0,Historik
Vincent_van_Gogh,2022-09-01,329404.0,Historik
Vincent_van_Gogh,2022-10-01,423313.0,Historik
Vincent_van_Gogh,2022-11-01,339982.0,Historik
Vincent_van_Gogh,2022-12-01,280411.0,Historik
Vincent_van_Gogh,2023-01-01,327455.0,Historik
Vincent_van_Gogh,2023-02-01,309588.0,Historik
Vincent_van_Gogh,2023-03-01,390498.0,Historik
Vincent_van_Gogh,2023-04-01,314930.0,Historik
Vincent_van_Gogh,2023-05-01,322062.0,Historik
Vincent_van_Gogh,2023-06-01,297516.0,Historik
Vincent_van_Gogh,2023-07-01,304148.0,Historik
Vincent_van_Gogh,2023-08-01,289878.0,Historik
Vincent_van_Gogh,2023-09-01,304447.0,Historik
Vincent_van_Gogh,2023-10-01,307934.0,Historik
Vincent_van_Gogh,2023-11-01,277431.0,Historik
Vincent_van_Gogh,2023-12-01,275829.0,Historik
Vincent_van_Gogh,2024-01-01,337699.0,Historik
Vincent_van_Gogh,2024-02-01,286198.0,Historik
Vincent_van_Gogh,2024-03-01,298573.0,Historik
Vincent_van_Gogh,2024-04-01,328996.0,Historik
Vincent_van_Gogh,2024-05-01,240336.0,Historik
Vincent_van_Gogh,2024-06-01,193881.0,Historik
Vincent_van_Gogh,2024-07-01,206712.0,Historik
Vincent_van_Gogh,2024-08-01,234613.0,Historik
Vincent_van_Gogh,2024-09-01,231345.0,Historik
Vincent_van_Gogh,2024-10-01,229522.0,Historik
Vincent_van_Gogh,2024-11-01,210565.0,Historik
Vincent_van_Gogh,2024-12-01,207848.0,Historik
Vincent_van_Gogh,2025-01-01,232635.0,Historik
Vincent_van_Gogh,2025-02-01,211429.0,Historik
Vincent_van_Gogh,2025-03-01,264848.0,Historik
Vincent_van_Gogh,2025-04-01,215546.0,Historik
Vincent_van_Gogh,2025-05-01,212787.0,Historik
Vincent_van_Gogh,2025-06-01,202132.0,Historik
Vincent_van_Gogh,2025-07-01,186770.0,Historik
Vincent_van_Gogh,2025-08-01,207345.0,Historik
Vincent_van_Gogh,2025-09-01,198735.0,Historik
Vincent_van_Gogh,2025-10-01,218361.0,Historik
Vincent_van_Gogh,2025-11-01,205052.0,Historik
Vincent_van_Gogh,2025-12-01,192476.0,Historik
Vincent_van_Gogh,2026-01-01,201611.34485221113,Parashikim 2026
Vincent_van_Gogh,2026-02-01,206289.64763254125,Parashikim 2026
Vincent_van_Gogh,2026-03-01,208685.45394949132,Parashikim 2026
Vincent_van_Gogh,2026-04-01,209912.3706707585,Parashikim 2026
Vincent_van_Gogh,2026-05-01,210540.68717125148,Parashikim 2026
Vincent_van_Gogh,2026-06-01,210862.4544256614,Parashikim 2026
Vincent_van_Gogh,2026-07-01,211027.23470109463,Parashikim 2026
Vincent_van_Gogh,2026-08-01,211111.62035190192,Parashikim 2026
Vincent_van_Gogh,2026-09-01,211154.83509980454,Parashikim 2026
Vincent_van_Gogh,2026-10-01,211176.96581063536,Parashikim 2026
Vincent_van_Gogh,2026-11-01,211188.29917217622,Parashikim 2026
Vincent_van_Gogh,2026-12-01,211194.10310160252,Parashikim 2026
World_War_II,2015-07-01,747210.0,Historik
World_War_II,2015-08-01,856695.0,Historik
World_War_II,2015-09-01,885317.0,Historik
World_War_II,2015-10-01,858787.0,Historik
World_War_II,2015-11-01,1026018.0,Historik
World_War_II,2015-12-01,883937.0,Historik
World_War_II,2016-01-01,885915.0,Historik
World_War_II,2016-02-01,846531.0,Historik
World_War_II,2016-03-01,880032.0,Historik
World_War_II,2016-04-01,1480703.0,Historik
World_War_II,2016-05-01,1071227.0,Historik
World_War_II,2016-06-01,781970.0,Historik
World_War_II,2016-07-01,686806.0,Historik
World_War_II,2016-08-01,674941.0,Historik
World_War_II,2016-09-01,776012.0,Historik
World_War_II,2016-10-01,860530.0,Historik
World_War_II,2016-11-01,986308.0,Historik
World_War_II,2016-12-01,948772.0,Historik
World_War_II,2017-01-01,967552.0,Historik
World_War_II,2017-02-01,909092.0,Historik
World_War_II,2017-03-01,956349.0,Historik
World_War_II,2017-04-01,994218.0,Historik
World_War_II,2017-05-01,1005151.0,Historik
World_War_II,2017-06-01,761659.0,Historik
World_War_II,2017-07-01,884843.0,Historik
World_War_II,2017-08-01,891804.0,Historik
World_War_II,2017-09-01,813323.0,Historik
World_War_II,2017-10-01,789145.0,Historik
World_War_II,2017-11-01,958832.0,Historik
World_War_II,2017-12-01,831386.0,Historik
World_War_II,2018-01-01,894996.0,Historik
World_War_II,2018-02-01,782071.0,Historik
World_War_II,2018-03-01,902375.0,Historik
World_War_II,2018-04-01,860209.0,Historik
World_War_II,2018-05-01,873268.0,Historik
World_War_II,2018-06-01,742238.0,Historik
World_War_II,2018-07-01,667200.0,Historik
World_War_II,2018-08-01,722153.0,Historik
World_War_II,2018-09-01,722399.0,Historik
World_War_II,2018-10-01,737109.0,Historik
World_War_II,2018-11-01,971538.0,Historik
World_War_II,2018-12-01,741854.0,Historik
World_War_II,2019-01-01,786704.0,Historik
World_War_II,2019-02-01,758624.0,Historik
World_War_II,2019-03-01,798685.0,Historik
World_War_II,2019-04-01,786859.0,Historik
World_War_II,2019-05-01,843930.0,Historik
World_War_II,2019-06-01,778636.0,Historik
World_War_II,2019-07-01,673774.0,Historik
World_War_II,2019-08-01,718504.0,Historik
World_War_II,2019-09-01,745617.0,Historik
World_War_II,2019-10-01,735705.0,Historik
World_War_II,2019-11-01,905967.0,Historik
World_War_II,2019-12-01,718667.0,Historik
World_War_II,2020-01-01,1044976.0,Historik
World_War_II,2020-02-01,779247.0,Historik
World_War_II,2020-03-01,861048.0,Historik
World_War_II,2020-04-01,1084553.0,Historik
World_War_II,2020-05-01,1082455.0,Historik
World_War_II,2020-06-01,725279.0,Historik
World_War_II,2020-07-01,668500.0,Historik
World_War_II,2020-08-01,697714.0,Historik
World_War_II,2020-09-01,650304.0,Historik
World_War_II,2020-10-01,689582.0,Historik
World_War_II,2020-11-01,773391.0,Historik
World_War_II,2020-12-01,722592.0,Historik
World_War_II,2021-01-01,816044.0,Historik
World_War_II,2021-02-01,809820.0,Historik
World_War_II,2021-03-01,848203.0,Historik
World_War_II,2021-04-01,820866.0,Historik
World_War_II,2021-05-01,887912.0,Historik
World_War_II,2021-06-01,715791.0,Historik
World_War_II,2021-07-01,677056.0,Historik
World_War_II,2021-08-01,718787.0,Historik
World_War_II,2021-09-01,721216.0,Historik
World_War_II,2021-10-01,698766.0,Historik
World_War_II,2021-11-01,732246.0,Historik
World_War_II,2021-12-01,714102.0,Historik
World_War_II,2022-01-01,880937.0,Historik
World_War_II,2022-02-01,1359373.0,Historik
World_War_II,2022-03-01,1435462.0,Historik
World_War_II,2022-04-01,851696.0,Historik
World_War_II,2022-05-01,837522.0,Historik
World_War_II,2022-06-01,715747.0,Historik
World_War_II,2022-07-01,852641.0,Historik
World_War_II,2022-08-01,913023.0,Historik
World_War_II,2022-09-01,840124.0,Historik
World_War_II,2022-10-01,996189.0,Historik
World_War_II,2022-11-01,1013381.0,Historik
World_War_II,2022-12-01,784996.0,Historik
World_War_II,2023-01-01,882413.0,Historik
World_War_II,2023-02-01,867936.0,Historik
World_War_II,2023-03-01,957886.0,Historik
World_War_II,2023-04-01,806985.0,Historik
World_War_II,2023-05-01,927613.0,Historik
World_War_II,2023-06-01,802815.0,Historik
World_War_II,2023-07-01,1097280.0,Historik
World_War_II,2023-08-01,906661.0,Historik
World_War_II,2023-09-01,860818.0,Historik
World_War_II,2023-10-01,1136873.0,Historik
World_War_II,2023-11-01,1269727.0,Historik
World_War_II,2023-12-01,1217597.0,Historik
World_War_II,2024-01-01,1317727.0,Historik
World_War_II,2024-02-01,1235107.0,Historik
World_War_II,2024-03-01,1454568.0,Historik
World_War_II,2024-04-01,3797787.0,Historik
World_War_II,2024-05-01,4234211.0,Historik
World_War_II,2024-06-01,3982795.0,Historik
World_War_II,2024-07-01,3915598.0,Historik
World_War_II,2024-08-01,3964179.0,Historik
World_War_II,2024-09-01,3830314.0,Historik
World_War_II,2024-10-01,3900668.0,Historik
World_War_II,2024-11-01,3870535.0,Historik
World_War_II,2024-12-01,3939156.0,Historik
World_War_II,2025-01-01,4028069.0,Historik
World_War_II,2025-02-01,3647704.0,Historik
World_War_II,2025-03-01,4062711.0,Historik
World_War_II,2025-04-01,3889702.0,Historik
World_War_II,2025-05-01,4209625.0,Historik
World_War_II,2025-06-01,3899182.0,Historik
World_War_II,2025-07-01,3816619.0,Historik
World_War_II,2025-08-01,3878985.0,Historik
World_War_II,2025-09-01,2809028.0,Historik
World_War_II,2025-10-01,2320028.0,Historik
World_War_II,2025-11-01,2279326.0,Historik
World_War_II,2025-12-01,2285956.0,Historik
World_War_II,2026-01-01,2289951.2764914744,Parashikim 2026
World_War_II,2026-02-01,2288367.863625623,Parashikim 2026
World_War_II,2026-03-01,2288995.40374934,Parashikim 2026
World_War_II,2026-04-01,2288746.6962799444,Parashikim 2026
World_War_II,2026-05-01,2288845.2643284174,Parashikim 2026
World_War_II,2026-06-01,2288806.1997188847,Parashikim 2026
World_War_II,2026-07-01,2288821.6818527156,Parashikim 2026
World_War_II,2026-08-01,2288815.545954499,Parashikim 2026
World_War_II,2026-09-01,2288817.977741185,Parashikim 2026
World_War_II,2026-10-01,2288817.013972511,Parashikim 2026
World_War_II,2026-11-01,2288817.3959344905,Parashikim 2026
World_War_II,2026-12-01,2288817.2445548517,Parashikim 2026
